date,year,month,vw_ret,ew_ret,sp500_ret,sp500index,time,date2
Jan 1926,1926,1,.00056104,.02317378,.02247191,12.74,1,-12389
Feb 1926,1926,2,-.03304553,-.05351035,-.04395605,12.18,2,-12361
Mar 1926,1926,3,-.06400222,-.09682397,-.0591133,11.46,3,-12329
Apr 1926,1926,4,.03702872,.03297504,.02268761,11.72,4,-12299
May 1926,1926,5,.01209523,.00103517,.00767918,11.81,5,-12271
Jun 1926,1926,6,.05366369,.05048731,.04318374,12.32,6,-12238
Jul 1926,1926,7,.0314107,.0130506,.04545455,12.88,7,-12207
Aug 1926,1926,8,.02864728,.03100235,.01708074,13.1,8,-12176
Sep 1926,1926,9,.00578737,-.00649892,.02290076,13.4,9,-12146
Oct 1926,1926,10,-.02899619,-.03462975,-.03134328,12.98,10,-12116
Nov 1926,1926,11,.02855394,.02477618,.02234207,13.27,11,-12085
Dec 1926,1926,12,.029211,.0255156,.01657875,13.49,12,-12054
Jan 1927,1927,1,.00241623,.01255591,-.02075612,13.21,13,-12023
Feb 1927,1927,2,.0453701,.05574803,.04769114,13.84,14,-11995
Mar 1927,1927,3,.00375628,-.01928987,.00650289,13.93,15,-11964
Apr 1927,1927,4,.00722505,.00749361,.017229,14.17,16,-11934
May 1927,1927,5,.05777311,.06269069,.05222301,14.91,17,-11903
Jun 1927,1927,6,-.02108671,-.01970762,-.00938967,14.77,18,-11873
Jul 1927,1927,7,.07527909,.05808011,.06499662,15.73,19,-11843
Aug 1927,1927,8,.02249037,.00424693,.04450095,16.43,20,-11811
Sep 1927,1927,9,.04992352,.03230819,.04321363,17.14,21,-11781
Oct 1927,1927,10,-.0407699,-.0385285,-.05309218,16.23,22,-11750
Nov 1927,1927,11,.06845258,.09775829,.06777573,17.33,23,-11720
Dec 1927,1927,12,.02378212,.02967718,.01904212,17.66,24,-11689
Jan 1928,1928,1,-.00333972,.03244115,-.00509626,17.57,25,-11658
Feb 1928,1928,2,-.01447756,-.02250801,-.01764371,17.26,26,-11629
Mar 1928,1928,3,.09047843,.07158329,.108343,19.13,27,-11598
Apr 1928,1928,4,.04384581,.08746559,.03240983,19.75,28,-11568
May 1928,1928,5,.01769032,.03759075,.01265823,20,29,-11537
Jun 1928,1928,6,-.04524517,-.06907351,-.0405,19.19,30,-11507
Jul 1928,1928,7,.0093998,.0030467,.01250651,19.43,31,-11476
Aug 1928,1928,8,.07020616,.05839567,.0741122,20.87,32,-11445
Sep 1928,1928,9,.03149783,.04924411,.02395783,21.37,33,-11416
Oct 1928,1928,10,.01922795,.01746921,.01450632,21.68,34,-11384
Nov 1928,1928,11,.1214999,.1152025,.1199262,24.28,35,-11354
Dec 1928,1928,12,.00555718,-.00555171,.00288303,24.35,36,-11323
Jan 1929,1929,1,.05393473,.0335256,.05708419,25.74,37,-11292
Feb 1929,1929,2,-.00044614,.00648653,-.00582751,25.59,38,-11264
Mar 1929,1929,3,-.00780839,-.03210543,-.00234467,25.53,39,-11236
Apr 1929,1929,4,.01717913,.01402353,.01605954,25.94,40,-11203
May 1929,1929,5,-.05992296,-.09104576,-.04279106,24.83,41,-11172
Jun 1929,1929,6,.1015726,.07342805,.1123641,27.62,42,-11143
Jul 1929,1929,7,.04595761,.01856137,.04561912,28.88,43,-11111
Aug 1929,1929,8,.08534303,.02836806,.09799169,31.71,44,-11081
Sep 1929,1929,9,-.05045466,-.04373016,-.04888048,30.16,45,-11050
Oct 1929,1929,10,-.1966836,-.2121448,-.1992706,24.15,46,-11019
Nov 1929,1929,11,-.1238121,-.1225332,-.1337474,20.92,47,-10992
Dec 1929,1929,12,.01639001,-.02559807,.02533461,21.45,48,-10958
Jan 1930,1930,1,.05840661,.1098263,.06247086,22.79,49,-10927
Feb 1930,1930,2,.02824166,.03359858,.02150066,23.28,50,-10899
Mar 1930,1930,3,.07463142,.1037543,.0798969,25.14,51,-10868
Apr 1930,1930,4,-.0205411,-.04159979,-.00954654,24.9,52,-10838
May 1930,1930,5,-.01401008,-.03722677,-.01646586,24.49,53,-10809
Jun 1930,1930,6,-.1599798,-.188159,-.164557,20.46,54,-10777
Jul 1930,1930,7,.04196365,.03763061,.03665689,21.21,55,-10746
Aug 1930,1930,8,.0036629,-.01731935,.00754361,21.37,56,-10717
Sep 1930,1930,9,-.1248049,-.1504754,-.1300889,18.59,57,-10685
Oct 1930,1930,10,-.08657879,-.09605711,-.0887574,16.94,58,-10654
Nov 1930,1930,11,-.02805652,-.02412809,-.02184179,16.57,59,-10625
Dec 1930,1930,12,-.07773924,-.1368458,-.07423054,15.34,60,-10593
Jan 1931,1931,1,.06378046,.1410915,.04889179,16.09,61,-10562
Feb 1931,1931,2,.1096945,.1567526,.1143567,17.93,62,-10534
Mar 1931,1931,3,-.06286591,-.06187143,-.06915784,16.69,63,-10503
Apr 1931,1931,4,-.100219,-.1508703,-.09586579,15.09,64,-10473
May 1931,1931,5,-.1338355,-.1403792,-.1371769,13.02,65,-10444
Jun 1931,1931,6,.1403397,.1821697,.1390169,14.83,66,-10412
Jul 1931,1931,7,-.06643803,-.07021436,-.07417397,13.73,67,-10381
Aug 1931,1931,8,.00307847,-.01872388,.00946832,13.86,68,-10350
Sep 1931,1931,9,-.2917314,-.3127533,-.2994228,9.71,69,-10320
Oct 1931,1931,10,.08150863,.105333,.08444902,10.53,70,-10289
Nov 1931,1931,11,-.08840158,-.08821649,-.09781577,9.5,71,-10259
Dec 1931,1931,12,-.134971,-.1872393,-.1452632,8.12,72,-10228
Jan 1932,1932,1,-.01053417,.08591983,-.02832512,7.89,73,-10198
Feb 1932,1932,2,.05766299,.02273198,.05069708,8.29,74,-10168
Mar 1932,1932,3,-.1105994,-.1195641,-.1182147,7.31,75,-10137
Apr 1932,1932,4,-.1794166,-.1810561,-.2024624,5.83,76,-10107
May 1932,1932,5,-.2061978,-.2023028,-.2332762,4.47,77,-10076
Jun 1932,1932,6,-.00428857,.04127665,-.00894855,4.43,78,-10046
Jul 1932,1932,7,.3406433,.4334992,.3769752,6.1,79,-10016
Aug 1932,1932,8,.3713877,.6680965,.3754098,8.39,80,-9984
Sep 1932,1932,9,-.02864889,-.05944202,-.03694875,8.08,81,-9954
Oct 1932,1932,10,-.1325531,-.1647925,-.1386139,6.96,82,-9923
Nov 1932,1932,11,-.05826015,-.07387409,-.05890805,6.55,83,-9893
Dec 1932,1932,12,.04522722,-.03662224,.0519084,6.89,84,-9862
Jan 1933,1933,1,.00981335,.03588346,.00725689,6.94,85,-9831
Feb 1933,1933,2,-.1532038,-.1554431,-.184438,5.66,86,-9803
Mar 1933,1933,3,.03310537,.100121,.0335689,5.85,87,-9772
Apr 1933,1933,4,.3941433,.5182491,.4222222,8.32,88,-9743
May 1933,1933,5,.2132608,.6059863,.1586538,9.64,89,-9711
Jun 1933,1933,6,.1333642,.22643,.1317427,10.91,90,-9681
Jul 1933,1933,7,-.09634148,-.09241687,-.08799267,9.95,91,-9650
Aug 1933,1933,8,.1212846,.1145524,.1145729,11.09,92,-9619
Sep 1933,1933,9,-.1058357,-.1500094,-.1136159,9.83,93,-9589
Oct 1933,1933,10,-.0836499,-.1078866,-.08850458,8.96,94,-9558
Nov 1933,1933,11,.09989588,.06509415,.1026786,9.88,95,-9529
Dec 1933,1933,12,.01787564,.01724187,.02226721,10.1,96,-9498
Jan 1934,1934,1,.1267794,.3155458,.1059406,11.17,97,-9466
Feb 1934,1934,2,-.0242871,.01086323,-.03670546,10.76,98,-9438
Mar 1934,1934,3,.0044251,.00806194,-.00092937,10.75,99,-9407
Apr 1934,1934,4,-.01834544,.00026381,-.02697674,10.46,100,-9377
May 1934,1934,5,-.07227332,-.1072395,-.08126195,9.61,101,-9346
Jun 1934,1934,6,.02534446,.00357774,.02081165,9.81,102,-9316
Jul 1934,1934,7,-.1093633,-.1860369,-.1151886,8.68,103,-9285
Aug 1934,1934,8,.05704261,.09856063,.05414747,9.15,104,-9254
Sep 1934,1934,9,-.00236189,-.01174757,-.00546448,9.1,105,-9225
Oct 1934,1934,10,-.01889535,-.01923021,-.03186813,8.81,106,-9193
Nov 1934,1934,11,.08209548,.1287046,.08286039,9.54,107,-9163
Dec 1934,1934,12,.00355407,.01473514,-.00419287,9.5,108,-9132
Jan 1935,1935,1,-.03341629,-.02966337,-.04210526,9.1,109,-9101
Feb 1935,1935,2,-.01946191,-.05601623,-.03956044,8.74,110,-9073
Mar 1935,1935,3,-.0360132,-.0733532,-.03089245,8.47,111,-9043
Apr 1935,1935,4,.09045231,.1016284,.09563164,9.28,112,-9012
May 1935,1935,5,.03456105,.02440097,.03232758,9.58,113,-8981
Jun 1935,1935,6,.05779622,.04018897,.06784969,10.23,114,-8952
Jul 1935,1935,7,.07416016,.1103824,.08308896,11.08,115,-8920
Aug 1935,1935,8,.02677315,.08308413,.02166065,11.32,116,-8889
Sep 1935,1935,9,.02607417,.02379807,.02385159,11.59,117,-8859
Oct 1935,1935,10,.06943941,.0827762,.07506471,12.46,118,-8828
Nov 1935,1935,11,.05287168,.1457816,.03932584,12.95,119,-8798
Dec 1935,1935,12,.04692622,.06024341,.03706564,13.43,120,-8767
Jan 1936,1936,1,.06955885,.1501649,.06552494,14.31,121,-8736
Feb 1936,1936,2,.02540242,.04561857,.01677149,14.55,122,-8707
Mar 1936,1936,3,.00825302,.00594707,.02542955,14.92,123,-8676
Apr 1936,1936,4,-.08148064,-.122963,-.07707775,13.77,124,-8646
May 1936,1936,5,.05204289,.0512181,.04575163,14.4,125,-8617
Jun 1936,1936,6,.02467073,-.00032477,.03055556,14.84,126,-8585
Jul 1936,1936,7,.06595436,.08192968,.0680593,15.85,127,-8554
Aug 1936,1936,8,.01095011,.02144704,.00883281,15.99,128,-8523
Sep 1936,1936,9,.01189897,.03266754,.00125078,16.01,129,-8493
Oct 1936,1936,10,.06998621,.06375487,.07495315,17.21,130,-8462
Nov 1936,1936,11,.03285445,.09142693,.0040674,17.28,131,-8432
Dec 1936,1936,12,.00279573,.02730618,-.00578704,17.18,132,-8401
Jan 1937,1937,1,.0332575,.0762208,.03783469,17.83,133,-8371
Feb 1937,1937,2,.01311363,.02390417,.01458216,18.09,134,-8343
Mar 1937,1937,3,-.00273214,.00106486,-.00939746,17.92,135,-8311
Apr 1937,1937,4,-.07541613,-.1010241,-.08314732,16.43,136,-8281
May 1937,1937,5,-.00705429,-.02452405,-.01034693,16.26,137,-8253
Jun 1937,1937,6,-.04174794,-.07670218,-.05289053,15.4,138,-8220
Jul 1937,1937,7,.08972497,.09961063,.1025974,16.98,139,-8189
Aug 1937,1937,8,-.04836485,-.05274932,-.05535924,16.04,140,-8158
Sep 1937,1937,9,-.1366226,-.1931818,-.1421446,13.76,141,-8128
Oct 1937,1937,10,-.09579819,-.1015493,-.1017442,12.36,142,-8098
Nov 1937,1937,11,-.08305319,-.1086378,-.1011327,11.11,143,-8067
Dec 1937,1937,12,-.04077352,-.09921516,-.05040504,10.55,144,-8036
Jan 1938,1938,1,.00677615,.04206019,.01327014,10.69,145,-8005
Feb 1938,1938,2,.05801302,.0610612,.06080449,11.34,146,-7977
Mar 1938,1938,3,-.2384162,-.285564,-.2504409,8.5,147,-7946
Apr 1938,1938,4,.145963,.2061995,.1411765,9.7,148,-7916
May 1938,1938,5,-.03905327,-.07046175,-.0443299,9.27,149,-7885
Jun 1938,1938,6,.2379136,.3063527,.2470334,11.56,150,-7855
Jul 1938,1938,7,.07209713,.1218359,.07266436,12.4,151,-7825
Aug 1938,1938,8,-.02713935,-.06378683,-.02741935,12.06,152,-7793
Sep 1938,1938,9,.00891249,-.01463327,.01492537,12.24,153,-7763
Oct 1938,1938,10,.07892665,.1445388,.0759804,13.17,154,-7732
Nov 1938,1938,11,-.0182064,-.03653049,-.03340926,12.73,155,-7702
Dec 1938,1938,12,.04191948,.03347219,.03770621,13.21,156,-7671
Jan 1939,1939,1,-.0603808,-.07572895,-.0688872,12.3,157,-7640
Feb 1939,1939,2,.03525531,.04138365,.03252032,12.7,158,-7612
Mar 1939,1939,3,-.1207268,-.1737628,-.1354331,10.98,159,-7581
Apr 1939,1939,4,-.00193172,.00242854,-.00546448,10.92,160,-7552
May 1939,1939,5,.06897085,.08613653,.06227106,11.6,161,-7520
Jun 1939,1939,6,-.05362552,-.08330261,-.0637931,10.86,162,-7490
Jul 1939,1939,7,.1022428,.1354971,.1086556,12.04,163,-7459
Aug 1939,1939,8,-.06726375,-.1064949,-.07142857,11.18,164,-7428
Sep 1939,1939,9,.1618149,.3918782,.1645796,13.02,165,-7398
Oct 1939,1939,10,-.00419136,-.006939,-.01459293,12.83,166,-7367
Nov 1939,1939,11,-.0371309,-.08131128,-.04910366,12.2,167,-7337
Dec 1939,1939,12,.0296858,.01781051,.02377049,12.49,168,-7307
Jan 1940,1940,1,-.0242149,-.01997801,-.03522818,12.05,169,-7275
Feb 1940,1940,2,.01475754,.02973325,.006639,12.13,170,-7246
Mar 1940,1940,3,.01864297,.02616775,.00989283,12.25,171,-7216
Apr 1940,1940,4,.00083726,.01311511,-.00489796,12.19,172,-7185
May 1940,1940,5,-.221112,-.2697543,-.2395406,9.27,173,-7154
Jun 1940,1940,6,.06685613,.06654999,.07659116,9.98,174,-7125
Jul 1940,1940,7,.03192315,.03680459,.03106212,10.29,175,-7093
Aug 1940,1940,8,.02429623,.02322103,.02623907,10.56,176,-7062
Sep 1940,1940,9,.02311811,.03720747,.0094697,10.66,177,-7032
Oct 1940,1940,10,.0301431,.04921839,.03939962,11.08,178,-7001
Nov 1940,1940,11,-.01675246,-.00166896,-.04241877,10.61,179,-6971
Dec 1940,1940,12,.00658571,-.01878936,-.00282752,10.58,180,-6940
Jan 1941,1941,1,-.04122673,-.00731728,-.04820416,10.07,181,-6909
Feb 1941,1941,2,-.01380112,-.01940923,-.01489573,9.92,182,-6881
Mar 1941,1941,3,.0095146,.01430815,.00403226,9.96,183,-6850
Apr 1941,1941,4,-.05401833,-.05738181,-.06526104,9.31,184,-6820
May 1941,1941,5,.01314046,.01010462,.00429646,9.35,185,-6789
Jun 1941,1941,6,.05849508,.06690826,.05347594,9.85,186,-6759
Jul 1941,1941,7,.05954285,.1301386,.05482234,10.39,187,-6728
Aug 1941,1941,8,-.00115627,-.00718037,-.00866218,10.3,188,-6698
Sep 1941,1941,9,-.00761106,-.02044803,-.00970874,10.2,189,-6667
Oct 1941,1941,10,-.05292592,-.06203008,-.06862745,9.5,190,-6636
Nov 1941,1941,11,-.02027067,-.03420927,-.04210526,9.1,191,-6607
Dec 1941,1941,12,-.04669163,-.08188569,-.04505495,8.69,192,-6575
Jan 1942,1942,1,.00897852,.1308135,.01380898,8.81,193,-6544
Feb 1942,1942,2,-.02365086,-.01757878,-.02497162,8.59,194,-6516
Mar 1942,1942,3,-.06514447,-.05224002,-.06752037,8.01,195,-6485
Apr 1942,1942,4,-.04358327,-.04625955,-.04369538,7.66,196,-6455
May 1942,1942,5,.06017389,.02887898,.06396867,8.15,197,-6426
Jun 1942,1942,6,.02577185,.02508622,.01840491,8.3,198,-6394
Jul 1942,1942,7,.03532647,.04640497,.0313253,8.56,199,-6363
Aug 1942,1942,8,.01840786,.02830396,.00700935,8.62,200,-6332
Sep 1942,1942,9,.0270694,.04755666,.02668213,8.85,201,-6302
Oct 1942,1942,10,.06908754,.1012935,.06440678,9.42,202,-6271
Nov 1942,1942,11,.00117653,-.01317665,-.01380042,9.29,203,-6241
Dec 1942,1942,12,.05128972,.03555445,.05166846,9.77,204,-6210
Jan 1943,1943,1,.07338221,.1685511,.0716479,10.47,205,-6180
Feb 1943,1943,2,.06047818,.1309303,.05062082,11,206,-6152
Mar 1943,1943,3,.06179447,.1121355,.05272727,11.58,207,-6120
Apr 1943,1943,4,.00733348,.03546639,.00086356,11.59,208,-6090
May 1943,1943,5,.05714205,.08451273,.04486626,12.11,209,-6061
Jun 1943,1943,6,.01735075,.01097865,.01981833,12.35,210,-6029
Jul 1943,1943,7,-.04775291,-.06433468,-.05425101,11.68,211,-5998
Aug 1943,1943,8,.0134443,.00337283,.01027397,11.8,212,-5967
Sep 1943,1943,9,.02407737,.03486695,.02372881,12.08,213,-5937
Oct 1943,1943,10,-.01157259,-.00394311,-.01324503,11.92,214,-5907
Nov 1943,1943,11,-.05990256,-.08858448,-.07550336,11.02,215,-5876
Dec 1943,1943,12,.06421655,.09872957,.05898366,11.67,216,-5845
Jan 1944,1944,1,.01803042,.04594922,.01542416,11.85,217,-5814
Feb 1944,1944,2,.00345883,.01301773,-.00253165,11.82,218,-5785
Mar 1944,1944,3,.02476819,.04152641,.01692047,12.02,219,-5754
Apr 1944,1944,4,-.01648407,-.02928943,-.0124792,11.87,220,-5725
May 1944,1944,5,.05090894,.06613516,.04043808,12.35,221,-5693
Jun 1944,1944,6,.05684176,.1049351,.05101215,12.98,222,-5663
Jul 1944,1944,7,-.0151938,-.01272408,-.02080123,12.71,223,-5632
Aug 1944,1944,8,.01559742,.03008191,.0086546,12.82,224,-5601
Sep 1944,1944,9,.00045305,.00025245,-.00312013,12.78,225,-5571
Oct 1944,1944,10,.00211864,.00095274,,12.78,226,-5540
Nov 1944,1944,11,.01666823,.02318255,.00391236,12.83,227,-5510
Dec 1944,1944,12,.04106975,.06930324,.03507404,13.28,228,-5480
Jan 1945,1945,1,.02021756,.04335307,.01430723,13.47,229,-5448
Feb 1945,1945,2,.06447703,.08633886,.06161841,14.3,230,-5420
Mar 1945,1945,3,-.03917724,-.05680177,-.04615385,13.64,231,-5389
Apr 1945,1945,4,.07823165,.08884382,.08797654,14.84,232,-5359
May 1945,1945,5,.01818529,.030017,.01145553,15.01,233,-5328
Jun 1945,1945,6,.00467616,.03656491,-.00333111,14.96,234,-5298
Jul 1945,1945,7,-.02206635,-.03506808,-.02005348,14.66,235,-5267
Aug 1945,1945,8,.0618262,.06592828,.0579809,15.51,236,-5236
Sep 1945,1945,9,.04829652,.06264642,.04190845,16.16,237,-5207
Oct 1945,1945,10,.03874934,.06452166,.03032178,16.65,238,-5175
Nov 1945,1945,11,.05485895,.0975736,.03243243,17.19,239,-5145
Dec 1945,1945,12,.01300259,.02407282,.00988947,17.36,240,-5114
Jan 1946,1946,1,.06340188,.09467655,.06970046,18.57,241,-5083
Feb 1946,1946,2,-.05825729,-.06690594,-.06946688,17.28,242,-5055
Mar 1946,1946,3,.0579414,.05792211,.04629629,18.08,243,-5025
Apr 1946,1946,4,.04229307,.05210871,.03761062,18.76,244,-4994
May 1946,1946,5,.0401952,.05474924,.02238806,19.18,245,-4963
Jun 1946,1946,6,-.03866839,-.04888703,-.03910323,18.43,246,-4935
Jul 1946,1946,7,-.02630898,-.04084201,-.0255019,17.96,247,-4902
Aug 1946,1946,8,-.06446838,-.07532737,-.07293987,16.65,248,-4872
Sep 1946,1946,9,-.1020226,-.1355522,-.1015015,14.96,249,-4841
Oct 1946,1946,10,-.01416352,-.01181396,-.00802139,14.84,250,-4810
Nov 1946,1946,11,.00069689,-.00263437,-.01145553,14.67,251,-4780
Dec 1946,1946,12,.0501611,.04690806,.04294479,15.3,252,-4749
Jan 1947,1947,1,.01308428,.03019711,.02352941,15.66,253,-4718
Feb 1947,1947,2,-.01109093,-.00710463,-.0146871,15.43,254,-4690
Mar 1947,1947,3,-.01679013,-.03042547,-.01685029,15.17,255,-4659
Apr 1947,1947,4,-.04769807,-.08168016,-.03889255,14.58,256,-4629
May 1947,1947,5,-.00962461,-.03732051,-.00891632,14.45,257,-4600
Jun 1947,1947,6,.05322647,.05709596,.05259516,15.21,258,-4568
Jul 1947,1947,7,.04134795,.06167018,.03616042,15.76,259,-4537
Aug 1947,1947,8,-.01735736,-.01716604,-.02791878,15.32,260,-4508
Sep 1947,1947,9,-.00466713,.00578251,-.01370757,15.11,261,-4476
Oct 1947,1947,10,.02483112,.03315648,.02117803,15.43,262,-4445
Nov 1947,1947,11,-.01874959,-.02930494,-.02851588,14.99,263,-4416
Dec 1947,1947,12,.03070795,.0238628,.02068045,15.3,264,-4384
Jan 1948,1948,1,-.03790801,-.01627557,-.03986928,14.69,265,-4353
Feb 1948,1948,2,-.04342223,-.05945088,-.04697073,14,266,-4325
Mar 1948,1948,3,.08262763,.09584266,.07714286,15.08,267,-4293
Apr 1948,1948,4,.03812801,.04015086,.0265252,15.48,268,-4263
May 1948,1948,5,.07431936,.08763022,.07816537,16.69,269,-4235
Jun 1948,1948,6,-.0002799,-.01253381,.00299581,16.74,270,-4202
Jul 1948,1948,7,-.05028754,-.05373298,-.05316607,15.85,271,-4172
Aug 1948,1948,8,.0037623,-.00181819,.00757098,15.97,272,-4140
Sep 1948,1948,9,-.02981309,-.04278531,-.03005636,15.49,273,-4110
Oct 1948,1948,10,.06031576,.05320054,.06778567,16.54,274,-4080
Nov 1948,1948,11,-.09207732,-.1063199,-.1082225,14.75,275,-4049
Dec 1948,1948,12,.03256602,.01370314,.03050848,15.2,276,-4018
Jan 1949,1949,1,.00307437,.0177485,.00131579,15.22,277,-3987
Feb 1949,1949,2,-.02885193,-.04130152,-.03942181,14.62,278,-3959
Mar 1949,1949,3,.04153747,.05930877,.03009576,15.06,279,-3928
Apr 1949,1949,4,-.01797221,-.03148966,-.02124834,14.74,280,-3898
May 1949,1949,5,-.02848772,-.043168,-.03731343,14.19,281,-3867
Jun 1949,1949,6,.00218048,-.00771288,-.00211417,14.16,282,-3837
Jul 1949,1949,7,.05637717,.0620217,.06214689,15.04,283,-3808
Aug 1949,1949,8,.02691613,.02602032,.01196809,15.22,284,-3775
Sep 1949,1949,9,.03208201,.04324898,.02365309,15.58,285,-3745
Oct 1949,1949,10,.03180142,.03902483,.02952503,16.04,286,-3714
Nov 1949,1949,11,.01853478,.00940031,.00124688,16.06,287,-3684
Dec 1949,1949,12,.05226684,.07012019,.04358655,16.76,288,-3653
Jan 1950,1950,1,.01776387,.04029265,.0173031,17.05,289,-3622
Feb 1950,1950,2,.01523364,.0161022,.00997067,17.22,290,-3594
Mar 1950,1950,3,.01274167,-.00177026,.00406504,17.29,291,-3563
Apr 1950,1950,4,.04067758,.04744269,.04511278,18.07,292,-3534
May 1950,1950,5,.04417265,.03318465,.03929164,18.78,293,-3502
Jun 1950,1950,6,-.0580182,-.07573745,-.05804047,17.69,294,-3472
Jul 1950,1950,7,.01612194,.05063538,.00847937,17.84,295,-3441
Aug 1950,1950,8,.05087451,.0518916,.03251121,18.42,296,-3410
Sep 1950,1950,9,.0490439,.05501322,.05591748,19.45,297,-3381
Oct 1950,1950,10,-.00118426,-.00550438,.00411311,19.53,298,-3349
Nov 1950,1950,11,.02905564,.03162152,-.00102407,19.51,299,-3319
Dec 1950,1950,12,.05794587,.08454474,.04613019,20.41,300,-3289
Jan 1951,1951,1,.05873524,.07624803,.06124449,21.66,301,-3257
Feb 1951,1951,2,.01408586,.01158589,.00646353,21.8,302,-3229
Mar 1951,1951,3,-.02111456,-.03388952,-.01834862,21.4,303,-3198
Apr 1951,1951,4,.05006079,.04081408,.04813084,22.43,304,-3168
May 1951,1951,5,-.02246361,-.02491949,-.04057067,21.52,305,-3137
Jun 1951,1951,6,-.02553251,-.04492865,-.02602231,20.96,306,-3108
Jul 1951,1951,7,.07161052,.06333192,.06870229,22.4,307,-3076
Aug 1951,1951,8,.0450037,.04743797,.03928572,23.28,308,-3045
Sep 1951,1951,9,.00908655,.0236307,-.00085911,23.26,309,-3017
Oct 1951,1951,10,-.02262877,-.0236086,-.01375752,22.94,310,-2984
Nov 1951,1951,11,.00619348,.00718518,-.00261552,22.88,311,-2954
Dec 1951,1951,12,.03526568,.01524786,.0388986,23.77,312,-2923
Jan 1952,1952,1,.01700245,.01749116,.01556584,24.14,313,-2892
Feb 1952,1952,2,-.02514076,-.02065042,-.03645402,23.26,314,-2863
Mar 1952,1952,3,.04586996,.02886433,.04772141,24.37,315,-2832
Apr 1952,1952,4,-.04914772,-.04493619,-.04308576,23.32,316,-2802
May 1952,1952,5,.03284694,.02451496,.02315609,23.86,317,-2773
Jun 1952,1952,6,.03957465,.03072769,.04610226,24.96,318,-2741
Jul 1952,1952,7,.01140411,.01065222,.01762821,25.4,319,-2710
Aug 1952,1952,8,-.00673255,.00005612,-.01456693,25.03,320,-2681
Sep 1952,1952,9,-.0191469,-.01516014,-.01957651,24.54,321,-2649
Oct 1952,1952,10,-.00530901,-.01171722,-.000815,24.52,322,-2618
Nov 1952,1952,11,.05934718,.05564431,.04649266,25.66,323,-2590
Dec 1952,1952,12,.03106571,.02264122,.03546376,26.57,324,-2557
Jan 1953,1953,1,-.00164425,.0247055,-.00715092,26.38,325,-2527
Feb 1953,1953,2,-.00182027,.01203105,-.0181956,25.9,326,-2499
Mar 1953,1953,3,-.01286202,-.01048645,-.02355212,25.29,327,-2467
Apr 1953,1953,4,-.02770464,-.02402681,-.02649269,24.62,328,-2437
May 1953,1953,5,.00692114,.00589601,-.00324939,24.54,329,-2408
Jun 1953,1953,6,-.01637693,-.03167104,-.01629992,24.14,330,-2376
Jul 1953,1953,7,.02511135,.01757093,.02526926,24.75,331,-2345
Aug 1953,1953,8,-.04405621,-.05187416,-.05777778,23.32,332,-2314
Sep 1953,1953,9,.00300987,-.01100454,.00128645,23.35,333,-2284
Oct 1953,1953,10,.04752312,.03783442,.0509636,24.54,334,-2254
Nov 1953,1953,11,.02850134,.02131709,.00896496,24.76,335,-2223
Dec 1953,1953,12,.00067827,-.01544439,.00201939,24.81,336,-2192
Jan 1954,1954,1,.05272153,.07168291,.05118904,26.08,337,-2163
Feb 1954,1954,2,.01755125,.01357627,.00268405,26.15,338,-2135
Mar 1954,1954,3,.0373766,.0291504,.03021033,26.94,339,-2102
Apr 1954,1954,4,.04316166,.01637325,.04899777,28.26,340,-2072
May 1954,1954,5,.0317037,.0431505,.0329087,29.19,341,-2044
Jun 1954,1954,6,.01155965,.01227459,.00068517,29.21,342,-2011
Jul 1954,1954,7,.05066832,.07198887,.0571722,30.88,343,-1981
Aug 1954,1954,8,-.02276267,-.00917518,-.03400259,29.83,344,-1949
Sep 1954,1954,9,.06463256,.04430776,.08313778,32.31,345,-1919
Oct 1954,1954,10,-.0162159,-.00685961,-.01949861,31.68,346,-1890
Nov 1954,1954,11,.09538717,.09219859,.08080808,34.24,347,-1858
Dec 1954,1954,12,.05546865,.08772388,.05081776,35.98,348,-1827
Jan 1955,1955,1,.00683767,.01412358,.01806559,36.63,349,-1796
Feb 1955,1955,2,.03135416,.04278102,.003549,36.76,350,-1768
Mar 1955,1955,3,-.0009945,.00052973,-.00489663,36.58,351,-1737
Apr 1955,1955,4,.03235196,.02259769,.03772553,37.96,352,-1708
May 1955,1955,5,.01203341,.00781393,-.00131718,37.91,353,-1676
Jun 1955,1955,6,.06610822,.03469427,.08230019,41.03,354,-1646
Jul 1955,1955,7,.02024557,.00800081,.0606873,43.52,355,-1617
Aug 1955,1955,8,.00419689,.00576437,-.0078125,43.18,356,-1584
Sep 1955,1955,9,-.00200948,-.00775123,.01134785,43.67,357,-1554
Oct 1955,1955,10,-.02575151,-.017815,-.03045569,42.34,358,-1523
Nov 1955,1955,11,.07186419,.0552565,.0748701,45.51,359,-1493
Dec 1955,1955,12,.01654255,.02283628,-.0006592,45.48,360,-1463
Jan 1956,1956,1,-.02811947,-.02074637,-.03649956,43.82,361,-1431
Feb 1956,1956,2,.03960966,.03361275,.03468736,45.34,362,-1402
Mar 1956,1956,3,.06845615,.05138315,.06925453,48.48,363,-1373
Apr 1956,1956,4,.00508321,.00382673,-.00206271,48.38,364,-1341
May 1956,1956,5,-.04930901,-.03996433,-.06572964,45.2,365,-1310
Jun 1956,1956,6,.0372509,.02171183,.03915929,46.97,366,-1281
Jul 1956,1956,7,.05082991,.03996666,.05152225,49.39,367,-1249
Aug 1956,1956,8,-.0298204,-.01816127,-.03806439,47.51,368,-1218
Sep 1956,1956,9,-.04960825,-.03593831,-.04546411,45.35,369,-1190
Oct 1956,1956,10,.00729172,.00706276,.00507167,45.58,370,-1157
Nov 1956,1956,11,.00467788,.00527708,-.01096972,45.08,371,-1127
Dec 1956,1956,12,.03495719,.02312235,.03527063,46.67,372,-1096
Jan 1957,1957,1,-.03212142,.00361251,-.04178273,44.72,373,-1065
Feb 1957,1957,2,-.01870262,-.0232986,-.03264758,43.26,374,-1037
Mar 1957,1957,3,.02411172,.02249939,.01964864,44.11,375,-1008
Apr 1957,1957,4,.04517923,.02590892,.03695307,45.74,376,-976
May 1957,1957,5,.03667944,.02226326,.03694797,47.43,377,-945
Jun 1957,1957,6,-.00505442,-.00674739,-.00126502,47.37,378,-917
Jul 1957,1957,7,.00893779,.00561025,.01139962,47.91,379,-884
Aug 1957,1957,8,-.05005114,-.05018974,-.05614694,45.22,380,-854
Sep 1957,1957,9,-.05758639,-.05298188,-.0619195,42.42,381,-823
Oct 1957,1957,10,-.04125081,-.06521338,-.03206035,41.06,382,-792
Nov 1957,1957,11,.02560463,.02102657,.01607404,41.72,383,-763
Dec 1957,1957,12,-.03736046,-.04912907,-.04146692,39.99,384,-731
Jan 1958,1958,1,.04959513,.1064814,.04276069,41.7,385,-700
Feb 1958,1958,2,-.01425682,-.01184471,-.0206235,40.84,386,-672
Mar 1958,1958,3,.03369981,.03591818,.03085211,42.1,387,-641
Apr 1958,1958,4,.03083256,.03017111,.03182898,43.44,388,-611
May 1958,1958,5,.02458158,.03947528,.01496317,44.09,389,-582
Jun 1958,1958,6,.02949272,.03172903,.02608301,45.24,390,-550
Jul 1958,1958,7,.04484433,.05416818,.04310345,47.19,391,-519
Aug 1958,1958,8,.01918109,.02987767,.01186692,47.75,392,-490
Sep 1958,1958,9,.04868042,.05223861,.04837696,50.06,393,-458
Oct 1958,1958,10,.02718404,.03297511,.02536956,51.33,394,-427
Nov 1958,1958,11,.03061017,.0421138,.02240405,52.48,395,-399
Dec 1958,1958,12,.05309946,.03878996,.05201982,55.21,396,-366
Jan 1959,1959,1,.00912007,.04150181,.00380366,55.42,397,-336
Feb 1959,1959,2,.01121954,.02811249,-.00018044,55.41,398,-308
Mar 1959,1959,3,.00466912,.01222291,.00054142,55.44,399,-276
Apr 1959,1959,4,.03789878,.02571373,.03878066,57.59,400,-246
May 1959,1959,5,.01959489,.00820556,.0189269,58.68,401,-217
Jun 1959,1959,6,.00067648,.00414893,-.00357873,58.47,402,-185
Jul 1959,1959,7,.03436159,.03006215,.03488969,60.51,403,-154
Aug 1959,1959,8,-.01244558,-.01483874,-.01503884,59.6,404,-123
Sep 1959,1959,9,-.04497696,-.0457601,-.04563759,56.88,405,-93
Oct 1959,1959,10,.01574567,.02320631,.01125176,57.52,406,-63
Nov 1959,1959,11,.01855666,.01503976,.0132128,58.28,407,-32
Dec 1959,1959,12,.02804312,.02117732,.02762526,59.89,408,-1
Jan 1960,1960,1,-.06624392,-.039202,-.07146435,55.61,409,28
Feb 1960,1960,2,.01441908,.00847809,.00917101,56.12,410,59
Mar 1960,1960,3,-.01282217,-.02487638,-.01389879,55.34,411,90
Apr 1960,1960,4,-.01527067,-.01973006,-.01752801,54.37,412,119
May 1960,1960,5,.03409799,.025546,.02685304,55.83,413,151
Jun 1960,1960,6,.0228328,.02160858,.01952355,56.92,414,181
Jul 1960,1960,7,-.02270468,-.0195977,-.02477161,55.51,415,210
Aug 1960,1960,8,.03221498,.03794792,.02612142,56.96,416,243
Sep 1960,1960,9,-.05867334,-.05952446,-.06039326,53.52,417,273
Oct 1960,1960,10,-.00470466,-.02323006,-.002429,53.39,418,304
Nov 1960,1960,11,.0486173,.04649395,.04026971,55.54,419,334
Dec 1960,1960,12,.04853724,.03749465,.04627296,58.11,420,364
Jan 1961,1961,1,.0639524,.08204783,.06315608,61.78,421,396
Feb 1961,1961,2,.03700465,.06012987,.02686954,63.44,422,424
Mar 1961,1961,3,.03060992,.04988786,.02553594,65.06,423,454
Apr 1961,1961,4,.00564473,.00948692,.00384261,65.31,424,483
May 1961,1961,5,.02589407,.04157201,.01913949,66.56,425,516
Jun 1961,1961,6,-.02849906,-.04241497,-.02884615,64.64,426,546
Jul 1961,1961,7,.02995465,.01151719,.03279703,66.76,427,577
Aug 1961,1961,8,.02685441,.02135777,.01962253,68.07,428,608
Sep 1961,1961,9,-.01999036,-.02968608,-.01968562,66.73,429,637
Oct 1961,1961,10,.02733113,.0209876,.02832309,68.62,430,669
Nov 1961,1961,11,.04545113,.04646052,.03934713,71.32,431,699
Dec 1961,1961,12,.00071295,-.0037571,.0032249,71.55,432,728
Jan 1962,1962,1,-.03614699,-.00780652,-.03787561,68.84,433,761
Feb 1962,1962,2,.01951236,.01540486,.01626961,69.96,434,789
Mar 1962,1962,3,-.00468761,-.00624074,-.00586049,69.55,435,819
Apr 1962,1962,4,-.06343471,-.06813422,-.06196981,65.24,436,850
May 1962,1962,5,-.08461992,-.09818638,-.08599019,59.63,437,881
Jun 1962,1962,6,-.08261504,-.08512525,-.081838,54.75,438,910
Jul 1962,1962,7,.06543834,.06399958,.06356164,58.23,439,942
Aug 1962,1962,8,.02341668,.03730812,.01528422,59.12,440,973
Sep 1962,1962,9,-.05015767,-.06404459,-.04820704,56.27,441,1001
Oct 1962,1962,10,.00218764,-.03948518,.00444287,56.52,442,1034
Nov 1962,1962,11,.1101369,.1211761,.101557,62.26,443,1064
Dec 1962,1962,12,.01186515,-.02556108,.01349181,63.1,444,1095
Jan 1963,1963,1,.05184823,.08914016,.04912837,66.2,445,1126
Feb 1963,1963,2,-.02193106,-.01447708,-.02885196,64.29,446,1154
Mar 1963,1963,3,.03291728,.01202699,.0354643,66.57,447,1183
Apr 1963,1963,4,.04743851,.02688964,.04852035,69.8,448,1215
May 1963,1963,5,.02005139,.03230632,.01432665,70.8,449,1246
Jun 1963,1963,6,-.01803049,-.01038304,-.02019774,69.37,450,1274
Jul 1963,1963,7,-.00171749,-.006304,-.00345971,69.13,451,1307
Aug 1963,1963,8,.05268367,.04230521,.04874874,72.5,452,1337
Sep 1963,1963,9,-.01189808,-.01037281,-.01103448,71.7,453,1368
Oct 1963,1963,10,.0277083,.01220837,.03221757,74.01,454,1399
Nov 1963,1963,11,-.00554897,-.01613869,-.01053912,73.23,455,1428
Dec 1963,1963,12,.0217365,-.00422786,.02444353,75.02,456,1460
Jan 1964,1964,1,.02579008,.03209171,.02692615,77.04,457,1491
Feb 1964,1964,2,.0172073,.02517295,.00986501,77.8,458,1519
Mar 1964,1964,3,.01763623,.02551023,.01516709,78.98,459,1551
Apr 1964,1964,4,.00460736,.00100392,.00607749,79.46,460,1581
May 1964,1964,5,.01740315,.00750723,.0114523,80.37,461,1609
Jun 1964,1964,6,.01507987,.01041141,.01642404,81.69,462,1642
Jul 1964,1964,7,.02011832,.03016146,.01823969,83.18,463,1673
Aug 1964,1964,8,-.01126617,-.00603839,-.01622986,81.83,464,1704
Sep 1964,1964,9,.03048012,.03824825,.02871807,84.18,465,1734
Oct 1964,1964,10,.0088693,.0188212,.00807793,84.86,466,1764
Nov 1964,1964,11,.00308957,-.00051604,-.00518501,84.42,467,1795
Dec 1964,1964,12,.00368985,-.01236484,.00390903,84.75,468,1826
Jan 1965,1965,1,.03864574,.0714026,.03315634,87.56,469,1855
Feb 1965,1965,2,.00694594,.03231477,-.0014847,87.43,470,1883
Mar 1965,1965,3,-.00971524,.01539281,-.01452591,86.16,471,1916
Apr 1965,1965,4,.03365218,.04155985,.03423863,89.11,472,1946
May 1965,1965,5,-.00435052,-.00584544,-.00774324,88.42,473,1974
Jun 1965,1965,6,-.05186835,-.08371764,-.04863153,84.12,474,2007
Jul 1965,1965,7,.0167595,.02863348,.01343319,85.25,475,2037
Aug 1965,1965,8,.03088298,.04184351,.022522,87.17,476,2069
Sep 1965,1965,9,.03195219,.02742045,.03200642,89.96,477,2099
Oct 1965,1965,10,.02927143,.05867932,.02734549,92.42,478,2128
Nov 1965,1965,11,.00306499,.04654361,-.00876434,91.61,479,2160
Dec 1965,1965,12,.01354478,.04298066,.00895099,92.43,480,2191
Jan 1966,1966,1,.01212212,.06416964,.00486855,92.88,481,2222
Feb 1966,1966,2,-.00862089,.02886458,-.01787252,91.22,482,2250
Mar 1966,1966,3,-.02092299,-.00888925,-.02181539,89.23,483,2281
Apr 1966,1966,4,.02483704,.04661891,.0205088,91.06,484,2310
May 1966,1966,5,-.05253842,-.08602407,-.05414013,86.13,485,2342
Jun 1966,1966,6,-.01031711,-.00498795,-.0161384,84.74,486,2372
Jul 1966,1966,7,-.01287017,-.01631624,-.01345291,83.6,487,2401
Aug 1966,1966,8,-.07538751,-.1007136,-.0777512,77.1,488,2434
Sep 1966,1966,9,-.0069584,-.01816089,-.00700389,76.56,489,2464
Oct 1966,1966,10,.04229431,-.01438535,.04754441,80.2,490,2495
Nov 1966,1966,11,.01751626,.04072461,.00311721,80.45,491,2525
Dec 1966,1966,12,.00621023,.01730562,-.00149161,80.33,492,2555
Jan 1967,1967,1,.08552963,.1721035,.07817752,86.61,493,2587
Feb 1967,1967,2,.01094501,.0423679,.00196282,86.78,494,2615
Mar 1967,1967,3,.043384,.05824373,.03941,90.2,495,2646
Apr 1967,1967,4,.04160865,.04192762,.04223947,94.01,496,2674
May 1967,1967,5,-.0392931,-.00809822,-.05244123,89.08,497,2707
Jun 1967,1967,6,.02690233,.08195808,.01751235,90.64,498,2737
Jul 1967,1967,7,.04918982,.083251,.04534422,94.75,499,2768
Aug 1967,1967,8,-.00628203,.00631212,-.01171504,93.64,500,2799
Sep 1967,1967,9,.03428565,.06296303,.03278514,96.71,501,2828
Oct 1967,1967,10,-.02743284,-.02059411,-.02905594,93.9,502,2860
Nov 1967,1967,11,.00790172,.0008782,.00106496,94,503,2890
Dec 1967,1967,12,.03369884,.08046458,.0262766,96.47,504,2919
Jan 1968,1968,1,-.03633116,.02390203,-.04384783,92.24,505,2952
Feb 1968,1968,2,-.03362382,-.05611798,-.0312229,89.36,506,2981
Mar 1968,1968,3,.00511676,-.01121807,.00940018,90.2,507,3010
Apr 1968,1968,4,.09414785,.1430311,.08192904,97.59,508,3042
May 1968,1968,5,.02703952,.09130906,.01116918,98.68,509,3073
Jun 1968,1968,6,.01152727,.01622476,.00912039,99.58,510,3101
Jul 1968,1968,7,-.02202376,-.0262102,-.01847761,97.74,511,3133
Aug 1968,1968,8,.01803673,.03591826,.01145897,98.86,512,3164
Sep 1968,1968,9,.04445384,.06880786,.03853935,102.67,513,3195
Oct 1968,1968,10,.0090415,.0069133,.00720756,103.41,514,3226
Nov 1968,1968,11,.05850088,.07199433,.04796441,108.37,515,3255
Dec 1968,1968,12,-.0338729,.0058958,-.04161668,103.86,516,3287
Jan 1969,1969,1,-.00671143,-.00168826,-.00818409,103.01,517,3318
Feb 1969,1969,2,-.05364063,-.08572786,-.04737404,98.13,518,3346
Mar 1969,1969,3,.03050514,.02029002,.0344441,101.51,519,3374
Apr 1969,1969,4,.02052654,.00345909,.02147572,103.69,520,3407
May 1969,1969,5,.00503994,.00626172,-.00221815,103.46,521,3436
Jun 1969,1969,6,-.06738772,-.1134043,-.05557704,97.71,522,3468
Jul 1969,1969,7,-.06517118,-.09582324,-.06017808,91.83,523,3499
Aug 1969,1969,8,.05149065,.05217508,.04007405,95.51,524,3528
Sep 1969,1969,9,-.02258974,-.02461756,-.02502356,93.12,525,3560
Oct 1969,1969,10,.05563746,.09241252,.04424399,97.24,526,3591
Nov 1969,1969,11,-.03216361,-.05507782,-.03527355,93.81,527,3619
Dec 1969,1969,12,-.01968027,-.06617783,-.01865473,92.06,528,3652
Jan 1970,1970,1,-.07325433,-.03883012,-.07647187,85.02,529,3682
Feb 1970,1970,2,.05670619,.04019546,.05269348,89.5,530,3710
Mar 1970,1970,3,-.00472905,-.02371153,.00145251,89.63,531,3742
Apr 1970,1970,4,-.105318,-.1619625,-.0904831,81.52,532,3772
May 1970,1970,5,-.06434612,-.09052449,-.06096663,76.55,533,3801
Jun 1970,1970,6,-.05106708,-.07388784,-.05003266,72.72,534,3833
Jul 1970,1970,7,.07416985,.05925757,.07329483,78.05,535,3864
Aug 1970,1970,8,.05003595,.06161746,.04445868,81.52,536,3895
Sep 1970,1970,9,.0475351,.1260978,.03299804,84.21,537,3925
Oct 1970,1970,10,-.01820759,-.05860404,-.01140007,83.25,538,3955
Nov 1970,1970,11,.05044846,.00302092,.04744745,87.2,539,3986
Dec 1970,1970,12,.06072307,.08132411,.05676606,92.15,540,4017
Jan 1971,1971,1,.0520295,.1360964,.04047748,95.88,541,4046
Feb 1971,1971,2,.01691251,.04791017,.00907384,96.75,542,4074
Mar 1971,1971,3,.04477762,.05660263,.03679587,100.31,543,4107
Apr 1971,1971,4,.03333244,.02708708,.03628751,103.95,544,4137
May 1971,1971,5,-.03640871,-.04943547,-.04155844,99.63,545,4165
Jun 1971,1971,6,.00311932,-.01723994,.0007026,99.7,546,4198
Jul 1971,1971,7,-.04028279,-.05363423,-.04132397,95.58,547,4228
Aug 1971,1971,8,.04251106,.04115905,.03609542,99.03,548,4260
Sep 1971,1971,9,-.00501569,-.00465314,-.00696759,98.34,549,4290
Oct 1971,1971,10,-.04068255,-.0574684,-.04179378,94.23,550,4319
Nov 1971,1971,11,-.0012621,-.03414983,-.00254696,93.99,551,4351
Dec 1971,1971,12,.09125689,.1171276,.08617938,102.09,552,4382
Jan 1972,1972,1,.02838215,.1038918,.01812126,103.94,553,4413
Feb 1972,1972,2,.03134872,.04180868,.02530306,106.57,554,4442
Mar 1972,1972,3,.00872273,-.00095117,.00591161,107.2,555,4472
Apr 1972,1972,4,.00550526,.00123066,.00438433,107.67,556,4501
May 1972,1972,5,.01637547,-.01812127,.01727501,109.53,557,4534
Jun 1972,1972,6,-.0208965,-.03377466,-.02182051,107.14,558,4564
Jul 1972,1972,7,-.0042537,-.02948797,.0023334,107.39,559,4595
Aug 1972,1972,8,.03596625,.01225199,.03445386,111.09,560,4626
Sep 1972,1972,9,-.00767034,-.03072533,-.00486092,110.55,561,4655
Oct 1972,1972,10,.00867579,-.0137674,.00931705,111.58,562,4687
Nov 1972,1972,11,.0497637,.05109589,.04561749,116.67,563,4717
Dec 1972,1972,12,.01124341,-.01987304,.01182823,118.05,564,4746
Jan 1973,1973,1,-.02745415,-.02613102,-.01711139,116.03,565,4779
Feb 1973,1973,2,-.04436952,-.07283495,-.0374903,111.68,566,4807
Mar 1973,1973,3,-.00785718,-.02897591,-.00143267,111.52,567,4837
Apr 1973,1973,4,-.05176934,-.07062023,-.04079986,106.97,568,4868
May 1973,1973,5,-.02450797,-.08358227,-.0188838,104.95,569,4899
Jun 1973,1973,6,-.00864789,-.0377446,-.00657456,104.26,570,4928
Jul 1973,1973,7,.05696059,.1059215,.03798197,108.22,571,4960
Aug 1973,1973,8,-.02965693,-.04441684,-.03668453,104.25,572,4991
Sep 1973,1973,9,.05393126,.07299484,.04009592,108.43,573,5019
Oct 1973,1973,10,-.00041511,.00030254,-.00129116,108.29,574,5052
Nov 1973,1973,11,-.1207133,-.1752523,-.1138609,95.96,575,5082
Dec 1973,1973,12,.01143655,-.04176426,.0165694,97.55,576,5113
Jan 1974,1974,1,.00441267,.1323739,-.01004613,96.57,577,5144
Feb 1974,1974,2,.00234507,.00862308,-.00362431,96.22,578,5172
Mar 1974,1974,3,-.02336402,.00837927,-.02327998,93.98,579,5201
Apr 1974,1974,4,-.04596092,-.0555369,-.03905086,90.31,580,5233
May 1974,1974,5,-.04198143,-.07254517,-.0335511,87.28,581,5264
Jun 1974,1974,6,-.02294237,-.03348338,-.01466544,86,582,5292
Jul 1974,1974,7,-.07087424,-.05191466,-.0777907,79.31,583,5325
Aug 1974,1974,8,-.08775712,-.08578821,-.09027866,72.15,584,5355
Sep 1974,1974,9,-.1097183,-.07902502,-.1193347,63.54,585,5386
Oct 1974,1974,10,.1655841,.08887713,.1630469,73.9,586,5417
Nov 1974,1974,11,-.04104609,-.051395,-.05317997,69.97,587,5446
Dec 1974,1974,12,-.02700542,-.08074357,-.02015149,68.56,588,5478
Jan 1975,1975,1,.1415995,.2992597,.1228121,76.98,589,5509
Feb 1975,1975,2,.05841169,.05391819,.05988568,81.59,590,5537
Mar 1975,1975,3,.03019048,.0814967,.02169384,83.36,591,5568
Apr 1975,1975,4,.04649667,.03109267,.04726487,87.3,592,5598
May 1975,1975,5,.05513955,.07287638,.0441008,91.15,593,5628
Jun 1975,1975,6,.05147332,.07179211,.04432255,95.19,594,5659
Jul 1975,1975,7,-.06038471,-.0089598,-.06765416,88.75,595,5690
Aug 1975,1975,8,-.0235575,-.0481176,-.02107042,86.88,596,5719
Sep 1975,1975,9,-.03800991,-.03886667,-.03464549,83.87,597,5751
Oct 1975,1975,10,.0558566,.01471963,.06164302,89.04,598,5782
Nov 1975,1975,11,.0312216,.01673968,.024708,91.24,599,5810
Dec 1975,1975,12,-.01099771,-.00059887,-.01150811,90.19,600,5843
Jan 1976,1976,1,.1260122,.1900373,.1183058,100.86,601,5873
Feb 1976,1976,2,.0073096,.1062912,-.01140194,99.71,602,5901
Mar 1976,1976,3,.02674025,.01810944,.030689,102.77,603,5934
Apr 1976,1976,4,-.01040186,-.00380958,-.01099543,101.64,604,5964
May 1976,1976,5,-.0093256,-.01967981,-.01436442,100.18,605,5992
Jun 1976,1976,6,.04452101,.02651004,.04092633,104.28,606,6025
Jul 1976,1976,7,-.00613619,.00223619,-.00805524,103.44,607,6055
Aug 1976,1976,8,-.00139796,-.01667253,-.00512374,102.91,608,6087
Sep 1976,1976,9,.02451259,.01699007,.02264114,105.24,609,6117
Oct 1976,1976,10,-.0203717,-.02258562,-.02223489,102.9,610,6146
Nov 1976,1976,11,.0053634,.02668624,-.00777454,102.1,611,6178
Dec 1976,1976,12,.06159101,.1024103,.05249755,107.46,612,6209
Jan 1977,1977,1,-.03632604,.0369029,-.05053043,102.03,613,6240
Feb 1977,1977,2,-.01574441,.00439996,-.0216603,99.82,614,6268
Mar 1977,1977,3,-.00924859,.01065369,-.01402525,98.42,615,6299
Apr 1977,1977,4,.00496207,.01693141,.00020321,98.44,616,6328
May 1977,1977,5,-.010777,.00287036,-.02356766,96.12,617,6360
Jun 1977,1977,6,.05136869,.05150325,.04535997,100.48,618,6390
Jul 1977,1977,7,-.01280639,.01236225,-.01622213,98.85,619,6419
Aug 1977,1977,8,-.0133381,-.00121096,-.02104198,96.77,620,6452
Sep 1977,1977,9,.00157189,.01496821,-.00248011,96.53,621,6482
Oct 1977,1977,10,-.03927758,-.02318957,-.0434062,92.34,622,6513
Nov 1977,1977,11,.0454397,.07087218,.02696556,94.83,623,6543
Dec 1977,1977,12,.00822271,.02108135,.0028472,95.1,624,6573
Jan 1978,1978,1,-.05519891,-.01115161,-.0615142,89.25,625,6605
Feb 1978,1978,2,-.00927469,.0260079,-.0247619,87.04,626,6633
Mar 1978,1978,3,.03400927,.06783859,.02493107,89.21,627,6664
Apr 1978,1978,4,.08285323,.07931671,.08541644,96.83,628,6692
May 1978,1978,5,.02322997,.06761993,.00423423,97.24,629,6725
Jun 1978,1978,6,-.01074848,.01029171,-.01758536,95.53,630,6755
Jul 1978,1978,7,.05674101,.05239377,.05390977,100.68,631,6786
Aug 1978,1978,8,.04237023,.09357763,.02592372,103.29,632,6817
Sep 1978,1978,9,-.00688861,.00620013,-.00726111,102.54,633,6846
Oct 1978,1978,10,-.1109954,-.1772797,-.09157402,93.15,634,6878
Nov 1978,1978,11,.03378727,.03820514,.01663983,94.7,635,6908
Dec 1978,1978,12,.01770776,.01434616,.01488912,96.11,636,6937
Jan 1979,1979,1,.0495299,.09369505,.03974612,99.93,637,6970
Feb 1979,1979,2,-.02676539,-.01626851,-.03652557,96.28,638,6998
Mar 1979,1979,3,.06561343,.08416743,.05515164,101.59,639,7028
Apr 1979,1979,4,.00851972,.0288145,.00167339,101.76,640,7059
May 1979,1979,5,-.0135714,-.00684461,-.02633648,99.08,641,7090
Jun 1979,1979,6,.04685158,.05466271,.03865563,102.91,642,7119
Jul 1979,1979,7,.0149913,.02136556,.00874551,103.81,643,7151
Aug 1979,1979,8,.06473161,.0756162,.05307774,109.32,644,7182
Sep 1979,1979,9,.00142602,-.00117179,0,109.32,645,7210
Oct 1979,1979,10,-.07266193,-.0979146,-.06860593,101.82,646,7243
Nov 1979,1979,11,.06360385,.06529485,.04262424,106.16,647,7273
Dec 1979,1979,12,.0282146,.0674847,.01676714,107.94,648,7304
Jan 1980,1980,1,.06560711,.1051292,.0576246,114.16,649,7335
Feb 1980,1980,2,.00101455,-.00630102,-.00437982,113.66,650,7364
Mar 1980,1980,3,-.1202242,-.1650429,-.1017948,102.09,651,7395
Apr 1980,1980,4,.05228721,.05346115,.04114017,106.29,652,7425
May 1980,1980,5,.06009049,.07124902,.0465707,111.24,653,7455
Jun 1980,1980,6,.03771436,.0461764,.02696872,114.24,654,7486
Jul 1980,1980,7,.06943817,.08927871,.06503852,121.67,655,7517
Aug 1980,1980,8,.0235535,.06398419,.00583546,122.38,656,7546
Sep 1980,1980,9,.02949784,.0524589,.02516751,125.46,657,7578
Oct 1980,1980,10,.02009481,.04752486,.01602104,127.47,658,7609
Nov 1980,1980,11,.1049521,.06926427,.102377,140.52,659,7637
Dec 1980,1980,12,-.03441059,-.03241644,-.03387418,135.76,660,7670
Jan 1981,1981,1,-.04008484,.00561488,-.04574249,129.55,661,7700
Feb 1981,1981,2,.01551936,.00215033,.01327673,131.27,662,7728
Mar 1981,1981,3,.04618289,.07267417,.03603261,136,663,7760
Apr 1981,1981,4,-.01126625,.02788505,-.02345588,132.81,664,7790
May 1981,1981,5,.01354637,.02718746,-.0016565,132.59,665,7819
Jun 1981,1981,6,-.01024274,-.01319386,-.01040802,131.21,666,7851
Jul 1981,1981,7,-.00307948,-.01997997,-.0022102,130.92,667,7882
Aug 1981,1981,8,-.05628101,-.0719058,-.06209899,122.79,668,7913
Sep 1981,1981,9,-.06377578,-.09006084,-.05383174,116.18,669,7943
Oct 1981,1981,10,.06016215,.06972769,.04914787,121.89,670,7973
Nov 1981,1981,11,.04584814,.02166741,.03659037,126.35,671,8004
Dec 1981,1981,12,-.02809599,-.0196936,-.03007519,122.55,672,8035
Jan 1982,1982,1,-.02620859,-.01734657,-.01754386,120.4,673,8064
Feb 1982,1982,2,-.05112622,-.04798703,-.06054817,113.11,674,8092
Mar 1982,1982,3,-.01010141,-.01206448,-.01016709,111.96,675,8125
Apr 1982,1982,4,.04326891,.0522422,.04001429,116.44,676,8155
May 1982,1982,5,-.02821291,-.02248992,-.0391618,111.88,677,8183
Jun 1982,1982,6,-.0239132,-.03669862,-.0202896,109.61,678,8216
Jul 1982,1982,7,-.02052549,-.01477582,-.0229906,107.09,679,8246
Aug 1982,1982,8,.1190159,.06328481,.1159772,119.51,680,8278
Sep 1982,1982,9,.01676568,.03316405,.00761443,120.42,681,8308
Oct 1982,1982,10,.1186322,.1284471,.1103637,133.71,682,8337
Nov 1982,1982,11,.05194144,.09203725,.03612295,138.54,683,8369
Dec 1982,1982,12,.01450987,.02344701,.01515808,140.64,684,8400
Jan 1983,1983,1,.04184372,.1170619,.03313424,145.3,685,8431
Feb 1983,1983,2,.03021478,.0472663,.01899518,148.06,686,8459
Mar 1983,1983,3,.03467751,.05051447,.03309469,152.96,687,8490
Apr 1983,1983,4,.07418492,.08068675,.07492155,164.42,688,8519
May 1983,1983,5,.01322526,.09174108,-.01234643,162.39,689,8551
Jun 1983,1983,6,.0378373,.04634088,.03522385,168.11,690,8581
Jul 1983,1983,7,-.03156984,-.0175556,-.0330141,162.56,691,8610
Aug 1983,1983,8,.0034653,-.03291959,.0113189,164.4,692,8643
Sep 1983,1983,9,.01602687,.00003012,.01015815,166.07,693,8673
Oct 1983,1983,10,-.02803828,-.05926103,-.01517432,163.55,694,8704
Nov 1983,1983,11,.02955592,.0317128,.01742586,166.4,695,8734
Dec 1983,1983,12,-.01046383,-.01967209,-.00883413,164.93,696,8764
Jan 1984,1984,1,-.01302517,.00542358,-.00921603,163.41,697,8796
Feb 1984,1984,2,-.03907293,-.0507667,-.03885931,157.06,698,8825
Mar 1984,1984,3,.0133896,.00744907,.01349803,159.18,699,8855
Apr 1984,1984,4,.00253751,-.02052063,.00546551,160.05,700,8886
May 1984,1984,5,-.05231956,-.05153567,-.05935645,150.55,701,8917
Jun 1984,1984,6,.02338386,.01199569,.01746928,153.18,702,8946
Jul 1984,1984,7,-.02062318,-.05030254,-.01645123,150.66,703,8978
Aug 1984,1984,8,.1126908,.08881713,.1063321,166.68,704,9009
Sep 1984,1984,9,.00040345,-.00037733,-.00347972,166.1,705,9037
Oct 1984,1984,10,-.00007312,-.02375563,-.0000602,166.09,706,9070
Nov 1984,1984,11,-.01068512,-.03150641,-.01511229,163.58,707,9100
Dec 1984,1984,12,.02365304,.00273184,.02237437,167.24,708,9131
Jan 1985,1985,1,.08571907,.1214751,.07408515,179.63,709,9162
Feb 1985,1985,2,.01689766,.04603438,.00868452,181.19,710,9190
Mar 1985,1985,3,-.00174676,-.0035806,-.00292511,180.66,711,9219
Apr 1985,1985,4,-.00218651,-.00965183,-.00459427,179.83,712,9251
May 1985,1985,5,.05577431,.02222147,.05405105,189.55,713,9282
Jun 1985,1985,6,.01709094,.00210329,.012134,191.85,714,9310
Jul 1985,1985,7,-.0002511,.02138219,-.00484754,190.92,715,9343
Aug 1985,1985,8,-.0047944,-.00221379,-.01199455,188.63,716,9373
Sep 1985,1985,9,-.03982587,-.05685925,-.03472406,182.08,717,9404
Oct 1985,1985,10,.04444109,.01765189,.04250879,189.82,718,9435
Nov 1985,1985,11,.06922843,.05256274,.06506164,202.17,719,9464
Dec 1985,1985,12,.04306149,.02802111,.04506109,211.28,720,9496
Jan 1986,1986,1,.00983025,.04407142,.00236653,211.78,721,9527
Feb 1986,1986,2,.07250131,.06038052,.07148928,226.92,722,9555
Mar 1986,1986,3,.05388683,.04719181,.05279393,238.9,723,9586
Apr 1986,1986,4,-.00790312,.0161399,-.01414818,235.52,724,9616
May 1986,1986,5,.05084652,.0361935,.05022928,247.35,725,9646
Jun 1986,1986,6,.01424398,.00808676,.01410956,250.84,726,9677
Jul 1986,1986,7,-.05970013,-.07312813,-.05868283,236.12,727,9708
Aug 1986,1986,8,.06618293,.02326884,.07119261,252.93,728,9737
Sep 1986,1986,9,-.07901992,-.05907111,-.08543866,231.32,729,9769
Oct 1986,1986,10,.04930472,.02377702,.05472938,243.98,730,9800
Nov 1986,1986,11,.01509305,-.0062628,.02147717,249.22,731,9828
Dec 1986,1986,12,-.02638714,-.03460925,-.02828826,242.17,732,9861
Jan 1987,1987,1,.1284987,.1175646,.1317669,274.08,733,9891
Feb 1987,1987,2,.04792182,.07461166,.03692353,284.2,734,9919
Mar 1987,1987,3,.02366445,.03628346,.02638987,291.7,735,9951
Apr 1987,1987,4,-.01699554,-.01770708,-.01145012,288.36,736,9981
May 1987,1987,5,.00512266,.0005993,.00603412,290.1,737,10010
Jun 1987,1987,6,.04365455,.02148657,.04791451,304,738,10042
Jul 1987,1987,7,.04424724,.03512311,.04822369,318.66,739,10073
Aug 1987,1987,8,.0371465,.01454424,.03495889,329.8,740,10104
Sep 1987,1987,9,-.02077283,-.01587591,-.02416616,321.83,741,10134
Oct 1987,1987,10,-.2253613,-.272248,-.2176304,251.79,742,10164
Nov 1987,1987,11,-.07227181,-.05085037,-.0853489,230.3,743,10195
Dec 1987,1987,12,.07032388,.02606452,.07286149,247.08,744,10226
Jan 1988,1988,1,.04487472,.07739174,.04043225,257.07,745,10255
Feb 1988,1988,2,.05169127,.06026485,.0418174,267.82,746,10286
Mar 1988,1988,3,-.01659768,.03568987,-.03334329,258.89,747,10317
Apr 1988,1988,4,.01099253,.01401628,.00942485,261.33,748,10346
May 1988,1988,5,.00044731,-.01767146,.00317606,262.16,749,10378
Jun 1988,1988,6,.05145697,.04766777,.04325603,273.5,750,10408
Jul 1988,1988,7,-.00727229,.00029748,-.00541133,272.02,751,10437
Aug 1988,1988,8,-.02800578,-.02500058,-.0386001,261.52,752,10470
Sep 1988,1988,9,.03720373,.01695069,.03972927,271.91,753,10500
Oct 1988,1988,10,.01764535,-.0114811,.02596447,278.97,754,10531
Nov 1988,1988,11,-.01641086,-.03648436,-.01889092,273.7,755,10561
Dec 1988,1988,12,.02107066,.01887204,.01468761,277.72,756,10591
Jan 1989,1989,1,.06610128,.06212439,.07111479,297.47,757,10623
Feb 1989,1989,2,-.01644182,.00298803,-.0289441,288.86,758,10651
Mar 1989,1989,3,.02146452,.01805961,.02080593,294.87,759,10682
Apr 1989,1989,4,.04820698,.02908888,.05008987,309.64,760,10710
May 1989,1989,5,.03933567,.02505424,.03513758,320.52,761,10743
Jun 1989,1989,6,-.00485554,-.0077443,-.00792462,317.98,762,10773
Jul 1989,1989,7,.07712836,.03101746,.08837034,346.08,763,10804
Aug 1989,1989,8,.022126,.01862594,.01551664,351.45,764,10835
Sep 1989,1989,9,-.00147333,.00553214,-.00654432,349.15,765,10864
Oct 1989,1989,10,-.02928516,-.04993593,-.02517543,340.36,766,10896
Nov 1989,1989,11,.01781615,-.00580521,.01654131,345.99,767,10926
Dec 1989,1989,12,.01829401,-.01237474,.0214168,353.4,768,10955
Jan 1990,1990,1,-.07011361,-.04640796,-.06881721,329.08,769,10988
Feb 1990,1990,2,.01489994,.01543409,.00853896,331.89,770,11016
Mar 1990,1990,3,.02414776,.02131458,.02425502,339.94,771,11046
Apr 1990,1990,4,-.02828306,-.02811649,-.0268871,330.8,772,11077
May 1990,1990,5,.0889347,.04567309,.09198911,361.23,773,11108
Jun 1990,1990,6,-.00419286,.00535897,-.00888631,358.02,774,11137
Jul 1990,1990,7,-.00939191,-.02573109,-.00522317,356.15,775,11169
Aug 1990,1990,8,-.0919028,-.1089197,-.0943142,322.56,776,11200
Sep 1990,1990,9,-.05384421,-.08046763,-.05118427,306.05,777,11228
Oct 1990,1990,10,-.01249875,-.05715465,-.00669825,304,778,11261
Nov 1990,1990,11,.06574162,.03546758,.05993421,322.22,779,11291
Dec 1990,1990,12,.02951084,-.00452597,.02482776,330.22,780,11322
Jan 1991,1991,1,.04908338,.08417498,.04151778,343.93,781,11353
Feb 1991,1991,2,.07584751,.1338981,.06728113,367.07,782,11381
Mar 1991,1991,3,.02892205,.07829285,.02220285,375.22,783,11409
Apr 1991,1991,4,.0033108,.03195743,.00034646,375.35,784,11442
May 1991,1991,5,.04073652,.03136822,.03857733,389.83,785,11473
Jun 1991,1991,6,-.04402354,-.03177345,-.04789267,371.16,786,11501
Jul 1991,1991,7,.04677859,.03417981,.04485936,387.81,787,11534
Aug 1991,1991,8,.02680678,.02750268,.0196488,395.43,788,11564
Sep 1991,1991,9,-.01097861,.0081306,-.01914372,387.86,789,11595
Oct 1991,1991,10,.017847,.02465631,.01185995,392.46,790,11626
Nov 1991,1991,11,-.03729085,-.02373477,-.04392804,375.22,791,11655
Dec 1991,1991,12,.1067822,.03535295,.1115879,417.09,792,11687
Jan 1992,1992,1,-.00116355,.1499697,-.01989978,408.79,793,11718
Feb 1992,1992,2,.01335521,.05212372,.00956481,412.7,794,11746
Mar 1992,1992,3,-.02369942,-.01416858,-.02183184,403.69,795,11778
Apr 1992,1992,4,.01341432,-.03326228,.02789269,414.95,796,11808
May 1992,1992,5,.00640714,.00567847,.00096397,415.35,797,11837
Jun 1992,1992,6,-.0192581,-.03922516,-.01735885,408.14,798,11869
Jul 1992,1992,7,.03989972,.02761665,.03937374,424.21,799,11900
Aug 1992,1992,8,-.02081892,-.02389957,-.02399755,414.03,800,11931
Sep 1992,1992,9,.01246087,.01104976,.00910562,417.8,801,11961
Oct 1992,1992,10,.01098284,.01622873,.00210627,418.68,802,11991
Nov 1992,1992,11,.04018138,.06668335,.03026178,431.35,803,12022
Dec 1992,1992,12,.01773988,.03567614,.0101078,435.71,804,12053
Jan 1993,1993,1,.01261561,.06761967,.00704597,438.78,805,12082
Feb 1993,1993,2,.00542541,-.00719762,.01048361,443.38,806,12110
Mar 1993,1993,3,.02508918,.03146232,.01869728,451.67,807,12143
Apr 1993,1993,4,-.02539078,-.011112,-.02541679,440.19,808,12173
May 1993,1993,5,.02957208,.03875175,.02271746,450.19,809,12201
Jun 1993,1993,6,.00543435,.01341898,.00075524,450.53,810,12234
Jul 1993,1993,7,-.00080605,.01372371,-.00532706,448.13,811,12264
Aug 1993,1993,8,.03949608,.03969836,.03443197,463.56,812,12296
Sep 1993,1993,9,.00062873,.02550662,-.00998792,458.93,813,12326
Oct 1993,1993,10,.01805087,.0405182,.01939294,467.83,814,12355
Nov 1993,1993,11,-.01760046,-.02446658,-.01291067,461.79,815,12387
Dec 1993,1993,12,.01955422,.01618959,.01009117,466.45,816,12418
Jan 1994,1994,1,.03145912,.04916576,.0325008,481.61,817,12449
Feb 1994,1994,2,-.02420685,-.00995315,-.03004506,467.14,818,12477
Mar 1994,1994,3,-.04579461,-.04596195,-.04574646,445.77,819,12508
Apr 1994,1994,4,.00949464,-.01172773,.01153061,450.91,820,12537
May 1994,1994,5,.00935269,-.00083087,.01241933,456.51,821,12569
Jun 1994,1994,6,-.02788023,-.02818228,-.02681212,444.27,822,12599
Jul 1994,1994,7,.03065685,.01577034,.03146735,458.25,823,12628
Aug 1994,1994,8,.04262911,.03675586,.03764321,475.5,824,12661
Sep 1994,1994,9,-.01833769,.00486186,-.026898,462.71,825,12691
Oct 1994,1994,10,.01452095,-.00330433,.02083378,472.35,826,12722
Nov 1994,1994,11,-.03720637,-.04074161,-.03950461,453.69,827,12752
Dec 1994,1994,12,.01258029,-.01342332,.01229915,459.27,828,12782
Jan 1995,1995,1,.02035284,.027865,.02427766,470.42,829,12814
Feb 1995,1995,2,.03964723,.02836828,.03607415,487.39,830,12842
Mar 1995,1995,3,.02706417,.01951539,.02732924,500.71,831,12873
Apr 1995,1995,4,.02504814,.02697515,.0279603,514.71,832,12901
May 1995,1995,5,.03390857,.02027076,.03631171,533.4,833,12934
Jun 1995,1995,6,.03114183,.04990655,.02127859,544.75,834,12964
Jul 1995,1995,7,.04080114,.05470145,.03177604,562.06,835,12995
Aug 1995,1995,8,.00929957,.03203334,-.00032025,561.88,836,13026
Sep 1995,1995,9,.0363538,.02640405,.04009753,584.41,837,13055
Oct 1995,1995,10,-.01133864,-.04147195,-.00497938,581.5,838,13087
Nov 1995,1995,11,.04277108,.01665208,.04104901,605.37,839,13117
Dec 1995,1995,12,.0151922,.00891291,.01744388,615.93,840,13146
Jan 1996,1996,1,.02812132,.03464709,.03261734,636.02,841,13179
Feb 1996,1996,2,.01635263,.03230758,.00693374,640.43,842,13208
Mar 1996,1996,3,.01091408,.02408498,.00791656,645.5,843,13237
Apr 1996,1996,4,.02555989,.05804717,.01343145,654.17,844,13269
May 1996,1996,5,.02681042,.06264069,.02285339,669.12,845,13300
Jun 1996,1996,6,-.00828934,-.03217756,.00225669,670.63,846,13328
Jul 1996,1996,7,-.05385131,-.07959758,-.04574803,639.95,847,13361
Aug 1996,1996,8,.03245126,.04560423,.01881397,651.99,848,13391
Sep 1996,1996,9,.05298465,.02875003,.05417261,687.31,849,13422
Oct 1996,1996,10,.01367287,-.02086811,.02613086,705.27,850,13453
Nov 1996,1996,11,.06559445,.02470176,.07337616,757.02,851,13482
Dec 1996,1996,12,-.01138069,-.00262167,-.02150538,740.74,852,13514
Jan 1997,1997,1,.05347315,.06383346,.06131706,786.16,853,13545
Feb 1997,1997,2,-.00106718,-.01029949,.00592755,790.82,854,13573
Mar 1997,1997,3,-.04488869,-.04922633,-.04261399,757.12,855,13604
Apr 1997,1997,4,.04239622,-.02159618,.05840554,801.34,856,13634
May 1997,1997,5,.07163975,.08519533,.05857688,848.28,857,13664
Jun 1997,1997,6,.04408094,.04314452,.04345264,885.14,858,13695
Jul 1997,1997,7,.07651265,.04882405,.07812323,954.29,859,13726
Aug 1997,1997,8,-.03632338,.02760771,-.05744585,899.47,860,13755
Sep 1997,1997,9,.05845334,.08174395,.05315352,947.28,861,13787
Oct 1997,1997,10,-.03443276,-.02615067,-.03447766,914.62,862,13818
Nov 1997,1997,11,.0303537,-.02206426,.04458682,955.4,863,13846
Dec 1997,1997,12,.01782156,-.02387582,.01573163,970.43,864,13879
Jan 1998,1998,1,.00451132,.01536727,.01015014,980.28,865,13909
Feb 1998,1998,2,.07332072,.06045988,.07044926,1049.34,866,13937
Mar 1998,1998,3,.05127261,.0468836,.04994568,1101.75,867,13969
Apr 1998,1998,4,.01092424,.02324425,.00907647,1111.75,868,13999
May 1998,1998,5,-.02574616,-.0425707,-.01882618,1090.82,869,14028
Jun 1998,1998,6,.03183892,-.02915025,.03943822,1133.84,870,14060
Jul 1998,1998,7,-.02337719,-.05054685,-.0116154,1120.67,871,14091
Aug 1998,1998,8,-.1578597,-.1964055,-.1457967,957.28,872,14122
Sep 1998,1998,9,.06381392,.04324546,.06239554,1017.01,873,14152
Oct 1998,1998,10,.0744056,.03782118,.0802942,1098.67,874,14182
Nov 1998,1998,11,.06200107,.07591254,.05912603,1163.63,875,14213
Dec 1998,1998,12,.063058,.01885336,.05637531,1229.23,876,14244
Jan 1999,1999,1,.03844676,.06486147,.04100941,1279.64,877,14273
Feb 1999,1999,2,-.03808261,-.04217183,-.03228252,1238.33,878,14301
Mar 1999,1999,3,.03792547,-.00136989,.03879418,1286.37,879,14334
Apr 1999,1999,4,.04909202,.0839017,.03794398,1335.18,880,14364
May 1999,1999,5,-.02070776,.02513729,-.02497042,1301.84,881,14392
Jun 1999,1999,6,.05082348,.0384015,.05443833,1372.71,882,14425
Jul 1999,1999,7,-.03083348,.00727478,-.0320461,1328.72,883,14455
Aug 1999,1999,8,-.00991844,-.03061246,-.00625414,1320.41,884,14487
Sep 1999,1999,9,-.02266901,-.01422979,-.02855174,1282.71,885,14517
Oct 1999,1999,10,.06210727,-.00140115,.06253947,1362.93,886,14546
Nov 1999,1999,11,.03682224,.09144107,.01906187,1388.91,887,14578
Dec 1999,1999,12,.08374451,.08483912,.05784392,1469.25,888,14609
Jan 2000,2000,1,-.03962196,.05064217,-.05090352,1394.46,889,14640
Feb 2000,2000,2,.03176028,.1204943,-.02010814,1366.42,890,14669
Mar 2000,2000,3,.05349902,-.0004221,.0967199,1498.58,891,14700
Apr 2000,2000,4,-.05951859,-.0885128,-.03079582,1452.43,892,14728
May 2000,2000,5,-.03886261,-.05733797,-.021915,1420.6,893,14761
Jun 2000,2000,6,.05157642,.07930406,.02393355,1454.6,894,14791
Jul 2000,2000,7,-.01767925,-.0193027,-.01634126,1430.83,895,14822
Aug 2000,2000,8,.07498378,.05929963,.06069903,1517.68,896,14853
Sep 2000,2000,9,-.05115439,-.04004534,-.05348295,1436.51,897,14882
Oct 2000,2000,10,-.02448012,-.06683334,-.0049495,1429.4,898,14914
Nov 2000,2000,11,-.1023654,-.1185694,-.08006856,1314.95,899,14944
Dec 2000,2000,12,.02044955,-.00705431,.00405339,1320.28,900,14973
Jan 2001,2001,1,.03957307,.2250378,.03463659,1366.01,901,15006
Feb 2001,2001,2,-.09908441,-.07448656,-.09229068,1239.94,902,15034
Mar 2001,2001,3,-.07040808,-.07266189,-.06420472,1160.33,903,15064
Apr 2001,2001,4,.08383428,.07644045,.07681435,1249.46,904,15095
May 2001,2001,5,.01044186,.06219742,.0050902,1255.82,905,15126
Jun 2001,2001,6,-.01756081,.00772499,-.02500358,1224.42,906,15155
Jul 2001,2001,7,-.0182836,-.02840298,-.01077245,1211.23,907,15187
Aug 2001,2001,8,-.05897984,-.03501257,-.06410839,1133.58,908,15218
Sep 2001,2001,9,-.09149703,-.1277867,-.08172339,1040.94,909,15246
Oct 2001,2001,10,.02784657,.07812486,.01809903,1059.78,910,15279
Nov 2001,2001,11,.07878883,.08079923,.07517598,1139.45,911,15309
Dec 2001,2001,12,.01785354,.05772014,.00757383,1148.08,912,15340
Jan 2002,2002,1,-.01596615,.0181916,-.01557383,1130.2,913,15371
Feb 2002,2002,2,-.02169973,-.0330654,-.02076624,1106.73,914,15399
Mar 2002,2002,3,.04469836,.07464961,.03673886,1147.39,915,15427
Apr 2002,2002,4,-.04960013,-.00316495,-.06141765,1076.92,916,15460
May 2002,2002,5,-.01050955,-.01550722,-.00908146,1067.14,917,15491
Jun 2002,2002,6,-.07025918,-.06731722,-.07246472,989.81,918,15519
Jul 2002,2002,7,-.08112463,-.1074972,-.07899496,911.62,919,15552
Aug 2002,2002,8,.0079489,.00633669,.00488142,916.07,920,15582
Sep 2002,2002,9,-.09992281,-.08449041,-.1100134,815.29,921,15613
Oct 2002,2002,10,.07493966,.04277306,.0864355,885.76,922,15644
Nov 2002,2002,11,.06128161,.1177754,.05706964,936.31,923,15673
Dec 2002,2002,12,-.05333441,-.04015861,-.06033258,879.82,924,15705
Jan 2003,2003,1,-.02336659,.00606819,-.0274147,855.7,925,15736
Feb 2003,2003,2,-.01541721,-.02144784,-.01700362,841.15,926,15764
Mar 2003,2003,3,.01032112,.00943395,.00835761,848.18,927,15795
Apr 2003,2003,4,.08276761,.09823092,.08104412,916.92,928,15825
May 2003,2003,5,.06347126,.1331775,.05089866,963.59,929,15855
Jun 2003,2003,6,.01634584,.04974506,.01132224,974.5,930,15886
Jul 2003,2003,7,.02311219,.06192733,.0162237,990.31,931,15917
Aug 2003,2003,8,.02496536,.0474292,.01787319,1008.01,932,15946
Sep 2003,2003,9,-.00912024,.02523941,-.01194433,995.97,933,15978
Oct 2003,2003,10,.06036079,.0809537,.0549615,1050.71,934,16009
Nov 2003,2003,11,.0165941,.0381471,.00712851,1058.2,935,16037
Dec 2003,2003,12,.04547639,.03890877,.05076545,1111.92,936,16070
Jan 2004,2004,1,.02304194,.06576258,.01727642,1131.13,937,16100
Feb 2004,2004,2,.01544306,.01371984,.01220903,1144.94,938,16128
Mar 2004,2004,3,-.01066161,.00629343,-.01635894,1126.21,939,16161
Apr 2004,2004,4,-.02422193,-.04358985,-.01679083,1107.3,940,16191
May 2004,2004,5,.01406833,.00259287,.01208345,1120.68,941,16219
Jun 2004,2004,6,.02161092,.02273133,.01798908,1140.84,942,16252
Jul 2004,2004,7,-.03769767,-.05109104,-.03429052,1101.72,943,16282
Aug 2004,2004,8,.00270288,-.00474036,.00228733,1104.24,944,16314
Sep 2004,2004,9,.02055616,.04160069,.00936391,1114.58,945,16344
Oct 2004,2004,10,.01780559,.02084536,.01401425,1130.2,946,16373
Nov 2004,2004,11,.04821379,.07993471,.03859494,1173.82,947,16405
Dec 2004,2004,12,.03516972,.05292807,.03245813,1211.92,948,16436
Jan 2005,2005,1,-.02654589,-.02928209,-.02529045,1181.27,949,16467
Feb 2005,2005,2,.0226461,.0166432,.01890338,1203.6,950,16495
Mar 2005,2005,3,-.01694364,-.03184193,-.01911765,1180.59,951,16526
Apr 2005,2005,4,-.02520629,-.04651233,-.02010859,1156.85,952,16555
May 2005,2005,5,.037954,.04382035,.02995203,1191.5,953,16587
Jun 2005,2005,6,.01152899,.03213871,-.00014268,1191.33,954,16617
Jul 2005,2005,7,.04335747,.05875079,.0359682,1234.18,955,16646
Aug 2005,2005,8,-.00595829,-.00721559,-.01122203,1220.33,956,16679
Sep 2005,2005,9,.01059976,.01053325,.00694894,1228.81,957,16709
Oct 2005,2005,10,-.02086558,-.03387589,-.01774074,1207.01,958,16740
Nov 2005,2005,11,.04032636,.03431912,.03518612,1249.48,959,16770
Dec 2005,2005,12,.00345763,.01348585,-.0009524,1248.29,960,16800
Jan 2006,2006,1,.04007189,.07635372,.02546684,1280.08,961,16832
Feb 2006,2006,2,-.00163883,.00483648,.0004531,1280.66,962,16860
Mar 2006,2006,3,.01906455,.03697832,.01106461,1294.83,963,16891
Apr 2006,2006,4,.01300004,.00979127,.01218693,1310.61,964,16919
May 2006,2006,5,-.03103197,-.04433063,-.0309169,1270.09,965,16952
Jun 2006,2006,6,-.00039055,-.0084786,.00008661,1270.2,966,16982
Jul 2006,2006,7,-.00191155,-.02269797,.00508581,1276.66,967,17013
Aug 2006,2006,8,.02504146,.02501083,.02127426,1303.82,968,17044
Sep 2006,2006,9,.01942518,.00900249,.02456627,1335.85,969,17073
Oct 2006,2006,10,.03715301,.04618634,.03150803,1377.94,970,17105
Nov 2006,2006,11,.02373648,.03116826,.01646661,1400.63,971,17135
Dec 2006,2006,12,.01085692,.01479901,.01261575,1418.3,972,17164
Jan 2007,2007,1,.0193868,.02228317,.01405908,1438.24,973,17197
Feb 2007,2007,2,-.014006,.00211136,-.02184615,1406.82,974,17225
Mar 2007,2007,3,.01295354,.00654496,.00997996,1420.86,975,17255
Apr 2007,2007,4,.03983381,.02704831,.04329068,1482.37,976,17286
May 2007,2007,5,.03895336,.0231225,.03254923,1530.62,977,17317
Jun 2007,2007,6,-.014747,-.007907,-.01781631,1503.35,978,17346
Jul 2007,2007,7,-.03178957,-.04353717,-.03198191,1455.27,979,17378
Aug 2007,2007,8,.01159279,-.0117117,.01286359,1473.99,980,17409
Sep 2007,2007,9,.04082203,.02536414,.035794,1526.75,981,17437
Oct 2007,2007,10,.02591044,.01740584,.01482233,1549.38,982,17470
Nov 2007,2007,11,-.04936184,-.07662097,-.04404343,1481.14,983,17500
Dec 2007,2007,12,-.0044052,-.01101832,-.00862849,1468.36,984,17531
Jan 2008,2008,1,-.06221771,-.04506644,-.06116347,1378.55,985,17562
Feb 2008,2008,2,-.02169688,-.02140071,-.03476116,1330.63,986,17591
Mar 2008,2008,3,-.01044434,-.02530911,-.00595958,1322.7,987,17622
Apr 2008,2008,4,.05119902,.03190676,.04754668,1385.59,988,17652
May 2008,2008,5,.02393505,.03178701,.01067415,1400.38,989,17682
Jun 2008,2008,6,-.07843585,-.08659182,-.08596238,1280,990,17713
Jul 2008,2008,7,-.01341312,-.00129473,-.00985938,1267.38,991,17744
Aug 2008,2008,8,.01059709,.01302339,.0121905,1282.83,992,17773
Sep 2008,2008,9,-.09817162,-.1201123,-.09079146,1166.36,993,17805
Oct 2008,2008,10,-.1848375,-.205222,-.1694245,968.75,994,17836
Nov 2008,2008,11,-.08468566,-.1303209,-.07484903,896.24,995,17864
Dec 2008,2008,12,.02223056,.04217581,.00782157,903.25,996,17897
Jan 2009,2009,1,-.077475,-.02404235,-.08565735,825.88,997,17927
Feb 2009,2009,2,-.1001751,-.1076061,-.1099312,735.09,998,17955
Mar 2009,2009,3,.08681294,.1074743,.08540451,797.87,999,17987
Apr 2009,2009,4,.1094825,.1927618,.09392507,872.81,1000,18017
May 2009,2009,5,.06779663,.1023295,.05308143,919.14,1001,18046
Jun 2009,2009,6,-.00302045,.02392118,.00019584,919.32,1002,18078
Jul 2009,2009,7,.08179244,.08521692,.07414176,987.48,1003,18109
Aug 2009,2009,8,.03151435,.05686394,.03356017,1020.62,1004,18140
Sep 2009,2009,9,.04528819,.07125466,.03572338,1057.08,1005,18170
Oct 2009,2009,10,-.02807887,-.05061155,-.01976199,1036.19,1006,18200
Nov 2009,2009,11,.0570858,.0284759,.057364,1095.63,1007,18231
Dec 2009,2009,12,.02848637,.05500125,.0177706,1115.1,1008,18262
Jan 2010,2010,1,-.03718551,-.01138809,-.03697426,1073.87,1009,18291
Feb 2010,2010,2,.0347535,.03360333,.02851369,1104.49,1010,18319
Mar 2010,2010,3,.06368819,.06928921,.05879637,1169.43,1011,18352
Apr 2010,2010,4,.02003908,.0578435,.01475933,1186.69,1012,18382
May 2010,2010,5,-.07926682,-.07692907,-.08197591,1089.41,1013,18410
Jun 2010,2010,6,-.05080204,-.05679911,-.05388238,1030.71,1014,18443
Jul 2010,2010,7,.07038396,.05994045,.06877783,1101.6,1015,18473
Aug 2010,2010,8,-.04288652,-.04756605,-.04744916,1049.33,1016,18505
Sep 2010,2010,9,.0916684,.09640156,.0875511,1141.2,1017,18535
Oct 2010,2010,10,.03860619,.04068119,.03685594,1183.26,1018,18564
Nov 2010,2010,11,.00512149,.01073595,-.00229028,1180.55,1019,18596
Dec 2010,2010,12,.06721339,.06885102,.06530007,1257.64,1020,18627
Jan 2011,2011,1,.01919018,.01441175,.02264559,1286.12,1021,18658
Feb 2011,2011,2,.03816834,.03703619,.03195658,1327.22,1022,18686
Mar 2011,2011,3,.00334254,.00860483,-.0010473,1325.83,1023,18717
Apr 2011,2011,4,.02860191,.01920294,.02849536,1363.61,1024,18746
May 2011,2011,5,-.01495748,-.01854949,-.01350093,1345.2,1025,18778
Jun 2011,2011,6,-.01845294,-.02410562,-.01825751,1320.64,1026,18808
Jul 2011,2011,7,-.02255024,-.02181288,-.02147444,1292.28,1027,18837
Aug 2011,2011,8,-.05759661,-.07571505,-.0567911,1218.89,1028,18870
Sep 2011,2011,9,-.08502997,-.1009198,-.07176201,1131.42,1029,18900
Oct 2011,2011,10,.1142145,.1076973,.107723,1253.3,1030,18931
Nov 2011,2011,11,-.00627337,-.02064476,-.00505865,1246.96,1031,18961
Dec 2011,2011,12,.00367061,-.0035607,.00853275,1257.6,1032,18991
Jan 2012,2012,1,.05413952,.085342,.04358302,1312.41,1033,19023
Feb 2012,2012,2,.04125253,.03649384,.04058945,1365.68,1034,19052
Mar 2012,2012,3,.02403937,.01760839,.03133238,1408.47,1035,19082
Apr 2012,2012,4,-.00684023,-.00910633,-.0074975,1397.91,1036,19113
May 2012,2012,5,-.06564105,-.0684181,-.06265067,1310.33,1037,19144
Jun 2012,2012,6,.03818082,.03418799,.03955492,1362.16,1038,19173
Jul 2012,2012,7,.01030569,-.00328057,.01259764,1379.32,1039,19205
Aug 2012,2012,8,.02633639,.02481905,.01976336,1406.58,1040,19236
Sep 2012,2012,9,.02653238,.03492516,.02423609,1440.67,1041,19264
Oct 2012,2012,10,-.01406426,-.01347699,-.0197894,1412.16,1042,19297
Nov 2012,2012,11,.0062194,.00279004,.0028467,1416.18,1043,19327
Dec 2012,2012,12,.01257959,.02187174,.00706831,1426.19,1044,19358
Jan 2013,2013,1,.05418909,.06350936,.05042806,1498.11,1045,19389
Feb 2013,2013,2,.00828434,.00349068,.0110606,1514.68,1046,19417
Mar 2013,2013,3,.03531997,.03141874,.0359878,1569.19,1047,19445
Apr 2013,2013,4,.01494205,.00247719,.01808576,1597.57,1048,19478
May 2013,2013,5,.01915481,.02398535,.02076278,1630.74,1049,19509
Jun 2013,2013,6,-.01507128,-.01301197,-.01499933,1606.28,1050,19537
Jul 2013,2013,7,.05268972,.05489828,.04946211,1685.73,1051,19570
Aug 2013,2013,8,-.02576067,-.01727787,-.03129801,1632.97,1052,19600
Sep 2013,2013,9,.03751395,.05182836,.02974948,1681.55,1053,19631
Oct 2013,2013,10,.03990784,.02576191,.04459576,1756.54,1054,19662
Nov 2013,2013,11,.0249728,.02339777,.02804946,1805.81,1055,19691
Dec 2013,2013,12,.02615935,.02524011,.02356283,1848.36,1056,19723
Jan 2014,2014,1,-.03004685,-.00128183,-.0355829,1782.59,1057,19754
Feb 2014,2014,2,.04622539,.04425716,.04311704,1859.45,1058,19782
Mar 2014,2014,3,.00454417,.00102813,.00693216,1872.34,1059,19813
Apr 2014,2014,4,.00156908,-.02231901,.0062008,1883.95,1060,19843
May 2014,2014,5,.02026029,.0066465,.02103028,1923.57,1061,19873
Jun 2014,2014,6,.0279905,.03950087,.01905831,1960.23,1062,19904
Jul 2014,2014,7,-.02056651,-.03522305,-.01507986,1930.67,1063,19935
Aug 2014,2014,8,.040225,.03369716,.03765532,2003.37,1064,19964
Sep 2014,2014,9,-.02520873,-.04498814,-.01551386,1972.29,1065,19996
Oct 2014,2014,10,.02117386,.01419938,.02320146,2018.05,1066,20027
Nov 2014,2014,11,.02111406,-.00245834,.02453358,2067.56,1067,20055
Dec 2014,2014,12,-.00366222,-.00018899,-.00418851,2058.9,1068,20088
Jan 2015,2015,1,-.02720654,-.01907281,-.03104085,1994.99,1069,20118
Feb 2015,2015,2,.05597443,.05412007,.05489251,2104.5,1070,20146
Mar 2015,2015,3,-.01040972,-.0051118,-.01739606,2067.89,1071,20178
Apr 2015,2015,4,.00877625,.01512702,.00852076,2085.51,1072,20208
May 2015,2015,5,.01029037,.00397008,.01049144,2107.39,1073,20237
Jun 2015,2015,6,-.01923786,-.01345881,-.02101177,2063.11,1074,20269
Jul 2015,2015,7,.0121104,-.02712985,.01974204,2103.84,1075,20300
Aug 2015,2015,8,-.05998241,-.047295,-.0625808,1972.18,1076,20331
Sep 2015,2015,9,-.03379289,-.04990627,-.02644282,1920.03,1077,20361
Oct 2015,2015,10,.07400575,.05285119,.08298308,2079.36,1078,20391
Nov 2015,2015,11,.00240999,.00732618,.00050496,2080.41,1079,20422
Dec 2015,2015,12,-.02222745,-.03586041,-.0175302,2043.94,1080,20453
Jan 2016,2016,1,-.05714756,-.07493412,-.05073534,1940.24,1081,20482
Feb 2016,2016,2,.00061245,.00556445,-.00412836,1932.23,1082,20513
Mar 2016,2016,3,.07055412,.07818126,.06599111,2059.74,1083,20544
Apr 2016,2016,4,.011725,.0398181,.00269937,2065.3,1084,20573
May 2016,2016,5,.01435401,-.0005839,.01532949,2096.96,1085,20605
Jun 2016,2016,6,.00292925,.00584741,.00090607,2098.86,1086,20635
Jul 2016,2016,7,.03884888,.04989971,.03560981,2173.6,1087,20664
Aug 2016,2016,8,.00280627,.0128725,-.00121918,2170.95,1088,20697
Sep 2016,2016,9,.00301538,.0153684,-.00123448,2168.27,1089,20727
Oct 2016,2016,10,-.02156558,-.03993042,-.01942562,2126.15,1090,20758
Nov 2016,2016,11,.04054279,.05050829,.03417445,2198.81,1091,20788
Dec 2016,2016,12,.01877218,.01589688,.01820075,2238.83,1092,20818
Jan 2017,2017,1,.0221731,.02593708,.01788434,2278.87,1093,20850
Feb 2017,2017,2,.0326238,.01712115,.03719826,2363.64,1094,20878
Mar 2017,2017,3,.00206414,.00637795,-.00038923,2362.72,1095,20909
Apr 2017,2017,4,.0096567,.00370906,.00909122,2384.2,1096,20937
May 2017,2017,5,.00933701,-.01130051,.01157621,2411.8,1097,20970
Jun 2017,2017,6,.00957968,.02296035,.00481383,2423.41,1098,21000
Jul 2017,2017,7,.02029371,.00908173,.01934877,2470.3,1099,21031
Aug 2017,2017,8,.00159343,-.00872586,.00054649,2471.65,1100,21062
Sep 2017,2017,9,.0237579,.04684453,.0193029,2519.36,1101,21091
Oct 2017,2017,10,.01929426,.00223871,.02218818,2575.26,1102,21123
Nov 2017,2017,11,.02725955,.02084257,.0280826,2647.58,1103,21153
Dec 2017,2017,12,.01212895,.0141853,.00983162,2673.61,1104,21182
Jan 2018,2018,1,.05063845,.02944088,.05617873,2823.81,1105,21215
Feb 2018,2018,2,-.03948133,-.04002608,-.03894738,2713.83,1106,21243
Mar 2018,2018,3,-.01844534,.00124161,-.02688451,2640.87,1107,21272
Apr 2018,2018,4,.00469187,.00816916,.0027188,2648.05,1108,21304
May 2018,2018,5,.02616449,.03459341,.02160835,2705.27,1109,21335
Jun 2018,2018,6,.00536506,.00278986,.0048424,2718.37,1110,21364
Jul 2018,2018,7,.03160357,.00683745,.03602159,2816.29,1111,21396
Aug 2018,2018,8,.03023301,.01920053,.03026322,2901.52,1112,21427
Sep 2018,2018,9,.00042461,-.01033235,.0042943,2913.98,1113,21455
Oct 2018,2018,10,-.07404538,-.08237485,-.06940336,2711.74,1114,21488
Nov 2018,2018,11,.01851215,.00065649,.01785938,2760.17,1115,21518
Dec 2018,2018,12,-.08989006,-.09932105,-.09177695,2506.85,1116,21549
Jan 2019,2019,1,.08829391,.1202603,.0786844,2704.1,1117,21580
Feb 2019,2019,2,.03272421,.03857165,.02972893,2784.49,1118,21608
Mar 2019,2019,3,.01296229,-.00390779,.01792429,2834.4,1119,21637
Apr 2019,2019,4,.03789327,.02035465,.03931344,2945.83,1120,21669
May 2019,2019,5,-.06167856,-.06457144,-.06577773,2752.06,1121,21700
Jun 2019,2019,6,.06727886,.04900182,.06893019,2941.76,1122,21728
Jul 2019,2019,7,.01185439,-.00524487,.01312819,2980.38,1123,21761
Aug 2019,2019,8,-.02033936,-.04000117,-.01809165,2926.46,1124,21791
Sep 2019,2019,9,.01603304,.0176807,.01718117,2976.74,1125,21822
Oct 2019,2019,10,.01925709,.00629079,.02043175,3037.56,1126,21853
Nov 2019,2019,11,.03499901,.02660081,.03404706,3140.98,1127,21882
Dec 2019,2019,12,.02848878,.04437933,.0285898,3230.78,1128,21914
Jan 2020,2020,1,-.00172785,-.01333364,-.00162809,3225.52,1129,21945
Feb 2020,2020,2,-.07791799,-.06981447,-.08411047,2954.22,1130,21973
Mar 2020,2020,3,-.1417327,-.2075027,-.1251193,2584.59,1131,22005
Apr 2020,2020,4,.1296738,.1538675,.1268441,2912.43,1132,22035
May 2020,2020,5,.05373875,.0640695,.04528178,3044.31,1133,22064
Jun 2020,2020,6,.02529909,.057391,.0183884,3100.29,1134,22096
Jul 2020,2020,7,.05553149,.04073652,.0551013,3271.12,1135,22127
Aug 2020,2020,8,.0684422,.03888379,.07006469,3500.31,1136,22158
Sep 2020,2020,9,-.03505599,-.02735648,-.03922796,3363,1137,22188
Oct 2020,2020,10,-.02017831,.00058398,-.02766578,3269.96,1138,22218
Nov 2020,2020,11,.123707,.1744121,.1075457,3621.63,1139,22249
Dec 2020,2020,12,.0450483,.07285289,.03712141,3756.07,1140,22280
Jan 2021,2021,1,-.00063113,.07319181,-.01113664,3714.24,1141,22309
Feb 2021,2021,2,.02919625,.06752776,.02609148,3811.15,1142,22337
Mar 2021,2021,3,.0305733,.01244888,.04243863,3972.89,1143,22370
Apr 2021,2021,4,.04819019,.01661203,.05242531,4181.17,1144,22400
May 2021,2021,5,.00709186,.01317869,.0054865,4204.11,1145,22428
Jun 2021,2021,6,.0234218,.0214816,.02221398,4297.5,1146,22461
Jul 2021,2021,7,.0118278,-.03364395,.02274811,4395.26,1147,22491
Aug 2021,2021,8,.02714637,.0188918,.02899032,4522.68,1148,22523
Sep 2021,2021,9,-.0422434,-.02847201,-.04756914,4307.54,1149,22553
Oct 2021,2021,10,.06465051,.02655724,.06914388,4605.38,1150,22582
Nov 2021,2021,11,-.01835049,-.04654037,-.00833373,4567,1151,22614
Dec 2021,2021,12,.03334125,-.00175968,.04361288,4766.18,1152,22645
Jan 2022,2022,1,-.05982242,-.06819115,-.05258509,4515.55,1153,22676
Feb 2022,2022,2,-.02183773,-.00741152,-.03136052,4373.94,1154,22704
Mar 2022,2022,3,.03050574,.01543767,.03577324,4530.41,1155,22735
Apr 2022,2022,4,-.08938707,-.0896416,-.08795672,4131.93,1156,22764
May 2022,2022,5,-.00210772,-.01610265,.00005324,4132.15,1157,22796
Jun 2022,2022,6,-.08400024,-.06879674,-.08391999,3785.38,1158,22826
Jul 2022,2022,7,.09035182,.06535959,.09111635,4130.29,1159,22855
Aug 2022,2022,8,-.03623969,-.01155612,-.04244012,3955,1160,22888
Sep 2022,2022,9,-.09132425,-.09990253,-.0933957,3585.62,1161,22918
Oct 2022,2022,10,.07740284,.04986251,.07986345,3871.98,1162,22949
Nov 2022,2022,11,.05236533,.02812258,.05375286,4080.11,1163,22979
Dec 2022,2022,12,-.05711557,-.04724139,-.05897145,3839.5,1164,23009
